-00100	188006070	通院医学管理事前調整加算（イ以外）	7	2400.00
-00100	188006170	通院医学管理情報提供加算	1	1200.00
-00100	188006770	通院対象者社会復帰体制強化加算（通院対象者が３名以下）	7	2000.00
-00100	188010370	通院対象者社会復帰体制強化加算（通院対象者が４名以上）	7	3000.00
-00100	188010470	通院医学管理事前調整加算（入院によらない医療の決定を受けた者）	7	3000.00
-00100	188010970	治療抵抗性統合失調症対象者受入促進加算	1	2220.00
-00100	188011070	麻酔加算（麻酔に従事する医師）（医療観察精神科電気痙攣療法）	7	900.00
-00300	188003670	医療観察通院精神療法（２０歳未満）加算	7	350.00
-00300	188006970	医療観察特定薬剤副作用評価加算	1	25.00
-00300	188010570	医療観察児童思春期精神科専門管理加算	7	1200.00
-00300	188018510	医療観察心理支援加算	7	250.00
-00700	188006370	医療観察通院前期・中期加算（医療観察精神科ショート・ケア）	7	20.00
-00700	188011270	疾患別等専門プログラム加算（医療観察精神科ショート・ケア）	7	200.00
-00800	188006470	医療観察通院前期・中期加算（医療観察精神科デイ・ケア）	7	50.00
-00900	188007170	医療観察通院前期・中期加算（医療観察精神科ナイト・ケア）	7	50.00
-01000	188007270	医療観察通院前期・中期加算（医療観察精神科デイ・ナイト・ケア）	7	50.00
-01000	188007370	医療観察疾患別等診療計画加算	7	40.00
-01100	188008370	医療観察長時間精神科訪問看護・指導加算	7	520.00
-01100	188008470	医療観察夜間・早朝訪問看護加算	7	210.00
-01100	188008570	医療観察深夜訪問看護加算	7	420.00
-01100	188008670	医療観察精神科緊急訪問看護加算	7	265.00
-01100	188011770	医療観察特別地域訪問看護加算	7	50.00
-01100	188015570	医療観察複数名訪問看護指導加算（イ・日１回・１人又は２人）	7	450.00
-01100	188015770	医療観察複数名訪問看護指導加算（イ・日１回・同一建物内３人～）	7	400.00
-01100	188015870	医療観察複数名訪問看護指導加算（イ・日２回・１人又は２人）	7	900.00
-01100	188016070	医療観察複数名訪問看護指導加算（イ・日２回・同一建物内３人～）	7	810.00
-01100	188016170	医療観察複数名訪問看護指導加算（イ・日３回～・１人又は２人）	7	1450.00
-01100	188016370	医療観察複数名訪問看護指導加算（イ・日３回～・同一建物内３人～）	7	1300.00
-01100	188016470	医療観察複数名訪問看護指導加算（ロ・日１回・１人又は２人）	7	380.00
-01100	188016670	医療観察複数名訪問看護指導加算（ロ・日１回・同一建物内３人～）	7	340.00
-01100	188016770	医療観察複数名訪問看護指導加算（ロ・日２回・１人又は２人）	7	760.00
-01100	188016970	医療観察複数名訪問看護指導加算（ロ・日２回・同一建物内３人～）	7	680.00
-01100	188017070	医療観察複数名訪問看護指導加算（ロ・日３回～・１人又は２人）	7	1240.00
-01100	188017270	医療観察複数名訪問看護指導加算（ロ・日３回～・同一建物内３人～）	7	1120.00
-01100	188017370	医療観察複数名訪問看護指導加算（ハ・１人又は２人）	7	300.00
-01100	188017570	医療観察複数名訪問看護指導加算（ハ・同一建物内３人～）	7	270.00
-01200	188008870	医療観察精神科特別訪問看護指示加算	7	100.00
-01200	188010870	医療観察衛生材料等提供加算	7	80.00
A00000	111000370	乳幼児加算（初診）	7	75.00
A00000	111000570	時間外加算（初診）	7	85.00
A00000	111000670	休日加算（初診）	7	250.00
A00000	111000770	深夜加算（初診）	7	480.00
A00000	111000870	時間外特例医療機関加算（初診）	7	230.00
A00000	111011570	乳幼児夜間加算（小児科初診）	7	200.00
A00000	111011670	乳幼児休日加算（小児科初診）	7	365.00
A00000	111011770	乳幼児深夜加算（小児科初診）	7	695.00
A00000	111011970	乳幼児時間外加算（初診）	7	200.00
A00000	111012070	乳幼児休日加算（初診）	7	365.00
A00000	111012170	乳幼児深夜加算（初診）	7	695.00
A00000	111012270	乳幼児時間外特例医療機関加算（初診）	7	345.00
A00000	111012470	夜間・早朝等加算（初診）	7	50.00
A00000	111013770	機能強化加算（初診）	7	80.00
A00000	111014870	外来感染対策向上加算（初診）	7	6.00
A00000	111014970	連携強化加算（初診）	7	3.00
A00000	111015070	サーベイランス強化加算（初診）	7	1.00
A00000	111702970	発熱患者等対応加算（初診）	7	20.00
A00000	111703070	抗菌薬適正使用体制加算（初診）	7	5.00
A00000	111703270	医療情報取得加算（初診）	7	1.00
A00000	111703370	医療ＤＸ推進体制整備加算３（初診）	7	8.00
A00000	111703470	医療ＤＸ推進体制整備加算１（初診）	7	11.00
A00000	111703570	医療ＤＸ推進体制整備加算２（初診）	7	10.00
A00100	112000970	乳幼児加算（再診）	7	38.00
A00100	112001110	時間外加算（再診）（入院外）	1	65.00
A00100	112001210	休日加算（再診）（入院外）	1	190.00
A00100	112001310	深夜加算（再診）（入院外）	1	420.00
A00100	112001410	時間外特例医療機関加算（再診）（入院外）	1	180.00
A00100	112011010	外来管理加算	1	52.00
A00100	112014170	乳幼児夜間加算（小児科再診）（入院外）	1	135.00
A00100	112014270	乳幼児休日加算（小児科再診）（入院外）	1	260.00
A00100	112014370	乳幼児深夜加算（小児科再診）（入院外）	1	590.00
A00100	112014770	乳幼児時間外加算（再診）（入院外）	1	135.00
A00100	112014870	乳幼児休日加算（再診）（入院外）	1	260.00
A00100	112014970	乳幼児深夜加算（再診）（入院外）	1	590.00
A00100	112015070	乳幼児時間外特例医療機関加算（再診）（入院外）	1	250.00
A00100	112015570	夜間・早朝等加算（再診）	1	50.00
A00100	112015770	明細書発行体制等加算	7	1.00
A00100	112016070	時間外対応加算１	7	5.00
A00100	112017270	地域包括診療加算２	7	21.00
A00100	112017570	認知症地域包括診療加算２	7	31.00
A00100	112021770	地域包括診療加算１	7	28.00
A00100	112021870	認知症地域包括診療加算１	7	38.00
A00100	112021970	薬剤適正使用連携加算（再診）	1	30.00
A00100	112024370	外来感染対策向上加算（再診）	7	6.00
A00100	112024470	連携強化加算（再診）	7	3.00
A00100	112024570	サーベイランス強化加算（再診）	7	1.00
A00100	112708370	時間外対応加算２	7	4.00
A00100	112708470	時間外対応加算３	7	3.00
A00100	112708570	時間外対応加算４	7	1.00
A00100	112708670	発熱患者等対応加算（再診）	7	20.00
A00100	112708770	抗菌薬適正使用体制加算（再診）	7	5.00
A00100	112708970	医療情報取得加算（再診）	7	1.00
A00100	112709070	看護師等遠隔診療補助加算（再診）	7	50.00
B00000	113033790	外来感染対策向上加算（医学管理等）	9	6.00
B00000	113033890	連携強化加算（医学管理等）	9	3.00
B00000	113033990	サーベイランス強化加算（医学管理等）	9	1.00
B00000	113702490	抗菌薬適正使用体制加算（医学管理等）	9	5.00
B00000	113702590	発熱患者等対応加算（医学管理等）	9	20.00
B00100	113000670	特定薬剤治療管理加算（臓器移植月から３月）	7	2740.00
B00100	113000770	特定薬剤治療管理加算（臓器移植後等の患者以外）（第１回目）	7	280.00
B00100	113001470	腫瘍マーカー検査初回月加算	7	150.00
B00100	113007970	後天性免疫不全症候群療養指導加算	7	220.00
B00100	113008070	重度喘息患者治療管理加算（１月目）	1	2525.00
B00100	113008170	重度喘息患者治療管理加算（２月目以降６月目まで）	1	1975.00
B00100	113012710	導入期加算（心臓ペースメーカー指導管理料）	7	140.00
B00100	113012970	小児加算（がん性疼痛緩和指導管理料）（１５歳未満）	7	50.00
B00100	113013170	小児加算（外来緩和ケア管理料）（１５歳未満）	7	150.00
B00100	113013570	導入期加算（植込型輸液ポンプ持続注入療法指導管理料）	1	140.00
B00100	113015130	心臓ペースメーカー指導管理料（イ・植込型除細動器移行期加算含む）	3	31870.00
B00100	113018370	高度腎機能障害患者指導加算	7	100.00
B00100	113024070	人工呼吸器導入時相談支援加算（小児科療養指導料）	7	500.00
B00100	113024170	人工呼吸器導入時相談支援加算（難病外来指導管理料）	7	500.00
B00100	113024270	腎代替療法実績加算	7	100.00
B00100	113029270	特定薬剤治療管理加算（ミコフェノール酸モフェチル投与臓器移植後）	7	250.00
B00100	113029370	特定薬剤治療管理加算（エベロリムス投与臓器移植後）	7	250.00
B00100	113030470	遠隔モニタリング加算（ペースメーカー）	7	260.00
B00100	113030570	遠隔モニタリング加算（植込型除細動器等）	7	480.00
B00100	113030670	人工内耳機器調整加算（６歳未満）	7	800.00
B00100	113030770	人工内耳機器調整加算（６歳以上）	7	800.00
B00100	113703870	難治性がん性疼痛緩和指導管理加算	7	100.00
B00102	111010770	乳幼児時間外特例医療機関加算（初診）（小児科外来診療料）	1	230.00
B00102	112006070	乳幼児時間外特例医療機関加算（再診）（小児科外来診療料）	1	180.00
B00102	113005570	乳幼児時間外特例医療機関加算（外来診療料）（小児科外来診療料）	1	180.00
B00102	113007070	乳幼児夜間加算（小児科初診）（小児科外来診療料）	1	85.00
B00102	113007170	乳幼児休日加算（小児科初診）（小児科外来診療料）	1	250.00
B00102	113007270	乳幼児深夜加算（小児科初診）（小児科外来診療料）	1	580.00
B00102	113007370	乳幼児夜間加算（小児科再診）（小児科外来診療料）	1	65.00
B00102	113007470	乳幼児休日加算（小児科再診）（小児科外来診療料）	1	190.00
B00102	113007570	乳幼児深夜加算（小児科再診）（小児科外来診療料）	1	520.00
B00102	113007670	乳幼児夜間加算（小児科・外来診療料）（小児科外来診療料）	1	65.00
B00102	113007770	乳幼児休日加算（小児科・外来診療料）（小児科外来診療料）	1	190.00
B00102	113007870	乳幼児深夜加算（小児科・外来診療料）（小児科外来診療料）	1	520.00
B00102	113009670	乳幼児時間外加算（初診）（小児科外来診療料）	1	85.00
B00102	113009770	乳幼児時間外加算（再診）（小児科外来診療料）	1	65.00
B00102	113009870	乳幼児時間外加算（外来診療料）（小児科外来診療料）	1	65.00
B00102	113015770	精神科疾患患者等受入加算	7	400.00
B00102	113016270	時間外加算（再診）（地域包括診療料）	1	65.00
B00102	113016370	休日加算（再診）（地域包括診療料）	1	190.00
B00102	113016470	深夜加算（再診）（地域包括診療料）	1	420.00
B00102	113016570	乳幼児時間外加算（再診）（地域包括診療料）	1	135.00
B00102	113016670	乳幼児休日加算（再診）（地域包括診療料）	1	260.00
B00102	113016770	乳幼児深夜加算（再診）（地域包括診療料）	1	590.00
B00102	113016870	時間外特例医療機関加算（再診）（地域包括診療料）	1	180.00
B00102	113016970	乳幼児時間外特例医療機関加算（再診）（地域包括診療料）	1	250.00
B00102	113017070	乳幼児夜間加算（小児科再診）（地域包括診療料）	1	135.00
B00102	113017170	乳幼児休日加算（小児科再診）（地域包括診療料）	1	260.00
B00102	113017270	乳幼児深夜加算（小児科再診）（地域包括診療料）	1	590.00
B00102	113017370	夜間・早朝等加算（再診）（地域包括診療料）	1	50.00
B00102	113018570	時間外加算（再診）（認知症地域包括診療料）	1	65.00
B00102	113018670	休日加算（再診）（認知症地域包括診療料）	1	190.00
B00102	113018770	深夜加算（再診）（認知症地域包括診療料）	1	420.00
B00102	113018870	乳幼児時間外加算（再診）（認知症地域包括診療料）	1	135.00
B00102	113018970	乳幼児休日加算（再診）（認知症地域包括診療料）	1	260.00
B00102	113019070	乳幼児深夜加算（再診）（認知症地域包括診療料）	1	590.00
B00102	113019170	時間外特例医療機関加算（再診）（認知症地域包括診療料）	1	180.00
B00102	113019270	乳幼児時間外特例医療機関加算（再診）（認知症地域包括診療料）	1	250.00
B00102	113019370	乳幼児夜間加算（小児科再診）（認知症地域包括診療料）	1	135.00
B00102	113019470	乳幼児休日加算（小児科再診）（認知症地域包括診療料）	1	260.00
B00102	113019570	乳幼児深夜加算（小児科再診）（認知症地域包括診療料）	1	590.00
B00102	113019670	夜間・早朝等加算（再診）（認知症地域包括診療料）	1	50.00
B00102	113020170	乳幼児時間外加算（初診）（小児かかりつけ診療料）	1	200.00
B00102	113020470	乳幼児時間外特例医療機関加算（初診）（小児かかりつけ診療料）	1	345.00
B00102	113020570	乳幼児夜間加算（小児科初診）（小児かかりつけ診療料）	1	200.00
B00102	113020670	乳幼児休日加算（小児科初診）（小児かかりつけ診療料）	1	365.00
B00102	113020770	乳幼児深夜加算（小児科初診）（小児かかりつけ診療料）	1	695.00
B00102	113020870	乳幼児時間外加算（再診）（小児かかりつけ診療料）	1	135.00
B00102	113021170	乳幼児時間外特例医療機関加算（再診）（小児かかりつけ診療料）	1	250.00
B00102	113021270	乳幼児夜間加算（小児科再診）（小児かかりつけ診療料）	1	135.00
B00102	113021370	乳幼児休日加算（小児科再診）（小児かかりつけ診療料）	1	260.00
B00102	113021470	乳幼児深夜加算（小児科再診）（小児かかりつけ診療料）	1	590.00
B00102	113021570	乳幼児時間外加算（外来診療料）（小児かかりつけ診療料）	1	135.00
B00102	113021870	乳幼児時間外特例医療機関加算（外来診療料・小児かかりつけ診療料）	1	250.00
B00102	113021970	乳幼児夜間加算（小児科・外来診療料）（小児かかりつけ診療料）	1	135.00
B00102	113022070	乳幼児休日加算（小児科・外来診療料）（小児かかりつけ診療料）	1	260.00
B00102	113022170	乳幼児深夜加算（小児科・外来診療料）（小児かかりつけ診療料）	1	590.00
B00102	113024670	小児抗菌薬適正使用支援加算（小児科外来診療料）	7	80.00
B00102	113024770	救急搬送看護体制加算２	7	200.00
B00102	113025670	薬剤適正使用連携加算（地域包括診療料）	7	30.00
B00102	113026570	薬剤適正使用連携加算（認知症地域包括診療料）	7	30.00
B00102	113026670	時間外加算（初診）（小児かかりつけ診療料）	1	85.00
B00102	113026770	休日加算（初診）（小児かかりつけ診療料）	1	250.00
B00102	113026870	深夜加算（初診）（小児かかりつけ診療料）	1	480.00
B00102	113026970	時間外特例医療機関加算（初診）（小児かかりつけ診療料）	1	230.00
B00102	113027070	時間外加算（再診）（小児かかりつけ診療料）	1	65.00
B00102	113027170	休日加算（再診）（小児かかりつけ診療料）	1	190.00
B00102	113027270	深夜加算（再診）（小児かかりつけ診療料）	1	420.00
B00102	113027370	時間外特例医療機関加算（再診）（小児かかりつけ診療料）	1	180.00
B00102	113027470	時間外加算（外来診療料）（小児かかりつけ診療料）	1	65.00
B00102	113027570	休日加算（外来診療料）（小児かかりつけ診療料）	1	190.00
B00102	113027670	深夜加算（外来診療料）（小児かかりつけ診療料）	1	420.00
B00102	113027770	時間外特例医療機関加算（外来診療料）（小児かかりつけ診療料）	1	180.00
B00102	113027870	小児抗菌薬適正使用支援加算（小児かかりつけ診療料）	7	80.00
B00102	113028870	機能強化加算（初診）（小児科外来診療料）	1	80.00
B00102	113028970	機能強化加算（初診）（小児かかりつけ診療料）	1	80.00
B00102	113031270	救急搬送看護体制加算１	7	400.00
B00102	113038470	乳幼児加算（初診）（外来腫瘍化学療法診療料）	1	75.00
B00102	113038570	時間外加算（初診）（外来腫瘍化学療法診療料）	1	85.00
B00102	113038670	休日加算（初診）（外来腫瘍化学療法診療料）	1	250.00
B00102	113038770	深夜加算（初診）（外来腫瘍化学療法診療料）	1	480.00
B00102	113038870	乳幼児時間外加算（初診）（外来腫瘍化学療法診療料）	1	200.00
B00102	113038970	時間外特例医療機関加算（初診）（外来腫瘍化学療法診療料）	1	230.00
B00102	113039070	乳幼児時間外特例医療機関加算（初診）（外来腫瘍化学療法診療料）	1	345.00
B00102	113039170	乳幼児夜間加算（小児科初診）（外来腫瘍化学療法診療料）	1	200.00
B00102	113039270	乳幼児休日加算（小児科初診）（外来腫瘍化学療法診療料）	1	365.00
B00102	113039370	乳幼児深夜加算（小児科初診）（外来腫瘍化学療法診療料）	1	695.00
B00102	113039470	乳幼児加算（再診）（外来腫瘍化学療法診療料）	1	38.00
B00102	113039570	時間外加算（再診）（外来腫瘍化学療法診療料）	1	65.00
B00102	113039670	休日加算（再診）（外来腫瘍化学療法診療料）	1	190.00
B00102	113039770	深夜加算（再診）（外来腫瘍化学療法診療料）	1	420.00
B00102	113039870	乳幼児時間外加算（再診）（外来腫瘍化学療法診療料）	1	135.00
B00102	113039970	時間外特例医療機関加算（再診）（外来腫瘍化学療法診療料）	1	180.00
B00102	113040070	乳幼児時間外特例医療機関加算（再診）（外来腫瘍化学療法診療料）	1	250.00
B00102	113040170	乳幼児夜間加算（小児科再診）（外来腫瘍化学療法診療料）	1	135.00
B00102	113040270	乳幼児休日加算（小児科再診）（外来腫瘍化学療法診療料）	1	260.00
B00102	113040370	乳幼児深夜加算（小児科再診）（外来腫瘍化学療法診療料）	1	590.00
B00102	113040470	乳幼児加算（外来診療料）（外来腫瘍化学療法診療料）	1	38.00
B00102	113040570	時間外加算（外来診療料）（外来腫瘍化学療法診療料）	1	65.00
B00102	113040670	休日加算（外来診療料）（外来腫瘍化学療法診療料）	1	190.00
B00102	113040770	深夜加算（外来診療料）（外来腫瘍化学療法診療料）	1	420.00
B00102	113040870	乳幼児時間外加算（外来診療料）（外来腫瘍化学療法診療料）	1	135.00
B00102	113040970	時間外特例医療機関加算（外来診療料）（外来腫瘍化学療法診療料）	1	180.00
B00102	113041070	乳幼児時間外特例医療機関加算（外来診療料・外来腫瘍化学療法診療）	1	250.00
B00102	113041170	乳幼児夜間加算（小児科・外来診療料）（外来腫瘍化学療法診療料）	1	135.00
B00102	113041270	乳幼児休日加算（小児科・外来診療料）（外来腫瘍化学療法診療料）	1	260.00
B00102	113041370	乳幼児深夜加算（小児科・外来診療料）（外来腫瘍化学療法診療料）	1	590.00
B00102	113041470	小児加算（外来腫瘍化学療法診療料）	7	200.00
B00102	113041570	連携充実加算（外来腫瘍化学療法診療料１・イ）	7	150.00
B00102	113043670	乳幼児休日加算（初診）（外来腫瘍化学療法診療料）	1	365.00
B00102	113043770	乳幼児深夜加算（初診）（外来腫瘍化学療法診療料）	1	695.00
B00102	113043870	乳幼児休日加算（再診）（外来腫瘍化学療法診療料）	1	260.00
B00102	113043970	乳幼児深夜加算（再診）（外来腫瘍化学療法診療料）	1	590.00
B00102	113044070	乳幼児休日加算（外来診療料）（外来腫瘍化学療法診療料）	1	260.00
B00102	113044170	乳幼児深夜加算（外来診療料）（外来腫瘍化学療法診療料）	1	590.00
B00102	113705370	医療情報取得加算（初診）（医学管理等）	1	1.00
B00102	113705470	医療ＤＸ推進体制整備加算３（医学管理等）	1	8.00
B00102	113705570	医療情報取得加算（再診）（医学管理等）	1	1.00
B00102	113705970	がん薬物療法体制充実加算（外来腫瘍化学療法診療料１）	7	100.00
B00102	113707770	医療ＤＸ推進体制整備加算１（医学管理等）	1	11.00
B00102	113707870	医療ＤＸ推進体制整備加算２（医学管理等）	1	10.00
B00103	113010370	血糖自己測定指導加算（生活習慣病管理料１・２）	7	500.00
B00103	113042070	外来データ提出加算（生活習慣病管理料１・２）	7	50.00
B00109	113032070	相談支援加算	7	50.00
B00400	113014370	特別管理指導加算（退院時共同指導料１）	1	200.00
B00514	113707470	導入期加算（プログラム医療機器指導管理料）	7	50.00
B00702	113023070	訪問看護同行加算	1	20.00
B00802	113023270	連携管理加算	7	50.00
B00900	113009470	退院時診療状況添付加算	1	200.00
B00900	113010970	ハイリスク妊婦紹介加算	1	200.00
B00900	113011070	認知症専門医療機関紹介加算	1	100.00
B00900	113011170	精神科医連携加算	1	200.00
B00900	113012570	認知症専門医療機関連携加算	1	50.00
B00900	113012670	肝炎インターフェロン治療連携加算	1	50.00
B00900	113016170	歯科医療機関連携加算１	1	100.00
B00900	113023370	地域連携診療計画加算（診療情報提供料１）	1	50.00
B00900	113023470	検査・画像情報提供加算（退院する患者について、必要な情報を提供）	1	200.00
B00900	113023570	検査・画像情報提供加算（入院外の患者について、必要な情報を提供）	1	30.00
B00900	113028670	療養情報提供加算	1	50.00
B01103	113701310	手帳記載加算（薬剤情報提供料）	1	3.00
C00000	114000370	緊急往診加算（在支診等以外）	7	325.00
C00000	114000470	夜間往診加算（在支診等以外）	7	650.00
C00000	114000570	深夜往診加算（在支診等以外）	7	1300.00
C00000	114000970	患家診療時間加算（往診料）	1	100.00
C00000	114001870	緊急往診加算（特別往診）（在支診等以外）	7	325.00
C00000	114001970	夜間往診加算（特別往診）（在支診等以外）	7	650.00
C00000	114002070	深夜往診加算（特別往診）（在支診等以外）	7	1300.00
C00000	114002470	患家診療時間加算（特別往診）	1	100.00
C00000	114002670	海路（波浪）加算（往）	7	150.00
C00000	114002770	海路（波浪）加算（復）	7	150.00
C00000	114002870	滞在時間加算（１号地域）	7	200.00
C00000	114002970	往診往復時間加算（２号地域）	7	300.00
C00000	114007270	死亡診断加算（往診料）	1	200.00
C00000	114011570	緊急往診加算（在支診等）	7	650.00
C00000	114011670	夜間往診加算（在支診等）	7	1300.00
C00000	114011770	深夜往診加算（在支診等）	7	2300.00
C00000	114011870	緊急往診加算（特別往診）（在支診等）	7	650.00
C00000	114011970	夜間往診加算（特別往診）（在支診等）	7	1300.00
C00000	114012070	深夜往診加算（特別往診）（在支診等）	7	2300.00
C00000	114017470	緊急往診加算（機能強化した在支診等）（病床あり）	7	850.00
C00000	114017570	夜間往診加算（機能強化した在支診等）（病床あり）	7	1700.00
C00000	114017670	深夜往診加算（機能強化した在支診等）（病床あり）	7	2700.00
C00000	114017770	緊急往診加算（機能強化した在支診等）（病床なし）	7	750.00
C00000	114017870	夜間往診加算（機能強化した在支診等）（病床なし）	7	1500.00
C00000	114017970	深夜往診加算（機能強化した在支診等）（病床なし）	7	2500.00
C00000	114022370	緊急往診加算（特別往診）（機能強化した在支診等）（病床あり）	7	850.00
C00000	114022470	夜間往診加算（特別往診）（機能強化した在支診等）（病床あり）	7	1700.00
C00000	114022570	深夜往診加算（特別往診）（機能強化した在支診等）（病床あり）	7	2700.00
C00000	114022670	緊急往診加算（特別往診）（機能強化した在支診等）（病床なし）	7	750.00
C00000	114022770	夜間往診加算（特別往診）（機能強化した在支診等）（病床なし）	7	1500.00
C00000	114022870	深夜往診加算（特別往診）（機能強化した在支診等）（病床なし）	7	2500.00
C00000	114029270	休日往診加算（機能強化した在支診等）（病床あり）	7	1700.00
C00000	114029370	休日往診加算（機能強化した在支診等）（病床なし）	7	1500.00
C00000	114029470	休日往診加算（在支診等）	7	1300.00
C00000	114029570	休日往診加算（在支診等以外）	7	650.00
C00000	114029670	在宅緩和ケア充実診療所・病院加算（往診料）	1	100.00
C00000	114029770	在宅療養実績加算１（往診料）	1	75.00
C00000	114029870	在宅療養実績加算２（往診料）	1	50.00
C00000	114029970	休日往診加算（特別往診）（機能強化した在支診等）（病床あり）	7	1700.00
C00000	114030070	休日往診加算（特別往診）（機能強化した在支診等）（病床なし）	7	1500.00
C00000	114030170	休日往診加算（特別往診）（在支診等）	7	1300.00
C00000	114030270	休日往診加算（特別往診）（在支診等以外）	7	650.00
C00000	114055090	外来感染対策向上加算（在宅医療）	9	6.00
C00000	114055190	連携強化加算（在宅医療）	9	3.00
C00000	114055290	サーベイランス強化加算（在宅医療）	9	1.00
C00000	114704290	発熱患者等対応加算（在宅医療）	9	20.00
C00000	114704390	抗菌薬適正使用体制加算（在宅医療）	9	5.00
C00000	114704470	緊急往診加算（定める患者以外の患者）	7	325.00
C00000	114704570	夜間往診加算（定める患者以外の患者）	7	405.00
C00000	114704670	休日往診加算（定める患者以外の患者）	7	405.00
C00000	114704770	深夜往診加算（定める患者以外の患者）	7	485.00
C00000	114704810	往診・在宅ターミナルケア加算（イ）（機能強化在支診等）（病床有）	1	6500.00
C00000	114704910	往診・在宅ターミナルケア加算（イ）（機能強化在支診）（病床無）	1	5500.00
C00000	114705010	往診・在宅ターミナルケア加算（イ）（在支診等）	1	4500.00
C00000	114705110	往診・在宅ターミナルケア加算（イ）（在支診等以外）	1	3500.00
C00000	114705210	往診・在宅ターミナルケア加算（ロ）（機能強化在支診等）（病床有）	1	6500.00
C00000	114705310	往診・在宅ターミナルケア加算（ロ）（機能強化在支診）（病床無）	1	5500.00
C00000	114705410	往診・在宅ターミナルケア加算（ロ）（在支診等）	1	4500.00
C00000	114705510	往診・在宅ターミナルケア加算（ロ）（在支診等以外）	1	3500.00
C00000	114705610	在宅緩和ケア充実診療所・病院加算（往診・在宅ターミナルケア）	1	1000.00
C00000	114705710	在宅療養実績加算１（往診・在宅ターミナルケア）	1	750.00
C00000	114705810	在宅療養実績加算２（往診・在宅ターミナルケア）	1	500.00
C00000	114705910	酸素療法加算（往診・在宅ターミナルケア）	1	2000.00
C00000	114706010	看取り加算（往診・在宅ターミナルケア）	1	3000.00
C00000	114706110	往診時医療情報連携加算（往診料）	1	200.00
C00000	114706210	介護保険施設等連携往診加算（往診料）	1	200.00
C00000	114742970	緊急往診加算（特別往診料）（定める患者以外の患者）	7	325.00
C00000	114743070	夜間往診加算（特別往診料）（定める患者以外の患者）	7	405.00
C00000	114743170	休日往診加算（特別往診料）（定める患者以外の患者）	7	405.00
C00000	114743270	深夜往診加算（特別往診料）（定める患者以外の患者）	7	485.00
C00100	114001470	患家診療時間加算（在宅患者訪問診療料（１）・（２））	1	100.00
C00100	114015870	乳幼児加算（在宅患者訪問診療料（１）・（２））	7	400.00
C00100	114018170	在宅ターミナルケア加算（イ）（機能強化した在支診等）（病床あり）	1	6500.00
C00100	114018270	在宅ターミナルケア加算（イ）（機能強化した在支診）（病床なし）	1	5500.00
C00100	114018370	在宅ターミナルケア加算（イ）（在支診等）	1	4500.00
C00100	114018470	在宅ターミナルケア加算（イ）（在支診等以外）	1	3500.00
C00100	114018570	看取り加算（在宅患者訪問診療料（１）１・（２）イ・往診料）	1	3000.00
C00100	114018670	死亡診断加算（在宅患者訪問診療料（１）１・（２）イ）	1	200.00
C00100	114030470	在宅緩和ケア充実診療所・病院加算（在宅患者訪問診療料（１）１）	1	1000.00
C00100	114030570	在宅療養実績加算１（在宅患者訪問診療料（１）１）	1	750.00
C00100	114030670	在宅療養実績加算２（在宅患者訪問診療料（１）１）	1	500.00
C00100	114042370	在宅ターミナルケア加算（ロ）（機能強化した在支診等）（病床あり）	1	6500.00
C00100	114042470	在宅ターミナルケア加算（ロ）（機能強化した在支診）（病床なし）	1	5500.00
C00100	114042570	在宅ターミナルケア加算（ロ）（在支診等）	1	4500.00
C00100	114042670	在宅ターミナルケア加算（ロ）（在支診等以外）	1	3500.00
C00100	114042770	酸素療法加算（在宅患者訪問診療料（１）１）	1	2000.00
C00100	114706510	在宅医療ＤＸ情報活用加算（在宅患者訪問診療料（１）（２））	1	10.00
C00102	114042970	在宅ターミナルケア加算（２）（機能強化した在支診等）（病床あり）	1	6200.00
C00102	114043070	在宅ターミナルケア加算（２）（機能強化した在支診）（病床なし）	1	5200.00
C00102	114043170	在宅ターミナルケア加算（２）（在支診等）	1	4200.00
C00102	114043270	在宅ターミナルケア加算（２）（在支診等以外）	1	3200.00
C00102	114043370	在宅緩和ケア充実診療所・病院加算（在宅患者訪問診療料（２）イ）	1	1000.00
C00102	114043470	在宅療養実績加算１（在宅患者訪問診療料（２）イ）	1	750.00
C00102	114043570	在宅療養実績加算２（在宅患者訪問診療料（２）イ）	1	500.00
C00102	114043670	酸素療法加算（在宅患者訪問診療料（２）イ）	1	2000.00
C00200	114016070	在宅移行早期加算（在医総管・施医総管）	1	100.00
C00200	114034370	処方箋無交付加算（在医総管・施医総管）	1	300.00
C00200	114034570	在宅緩和ケア充実診療所・病院加算（在医総管）（１人）	1	400.00
C00200	114034670	在宅緩和ケア充実診療所・病院加算（在医総管）（２～９人）	1	200.00
C00200	114034870	在宅療養実績加算１（在医総管）（１人）	1	300.00
C00200	114034970	在宅療養実績加算１（在医総管）（２～９人）	1	150.00
C00200	114035170	在宅療養実績加算２（在医総管）（１人）	1	200.00
C00200	114035270	在宅療養実績加算２（在医総管）（２～９人）	1	100.00
C00200	114043870	包括的支援加算（在医総管・施医総管）	1	150.00
C00200	114057970	在宅データ提出加算（在医総管・施医総管）	1	50.00
C00200	114715910	頻回訪問加算（在医総管・施医総管）（初回）	1	800.00
C00200	114716010	頻回訪問加算（在医総管・施医総管）（２回目以降）	1	300.00
C00200	114716110	在宅緩和ケア充実診療所・病院加算（在医総管）（１０人～１９人）	1	100.00
C00200	114716210	在宅緩和ケア充実診療所・病院加算（在医総管）（２０人～４９人）	1	85.00
C00200	114716310	在宅緩和ケア充実診療所・病院加算（在医総管）（５０人～）	1	75.00
C00200	114716610	在宅療養実績加算１（在医総管）（１０人～１９人）	1	75.00
C00200	114716710	在宅療養実績加算１（在医総管）（２０人～４９人）	1	63.00
C00200	114716810	在宅療養実績加算１（在医総管）（５０人～）	1	56.00
C00200	114717110	在宅療養実績加算２（在医総管）（１０人～１９人）	1	50.00
C00200	114717210	在宅療養実績加算２（在医総管）（２０人～４９人）	1	43.00
C00200	114717310	在宅療養実績加算２（在医総管）（５０人～）	1	38.00
C00200	114717410	在宅療養移行加算１（在医総管・施医総管（在支診等以外））	1	316.00
C00200	114717510	在宅療養移行加算２（在医総管・施医総管（在支診等以外））	1	216.00
C00200	114717610	在宅療養移行加算３（在医総管・施医総管（在支診等以外））	1	216.00
C00200	114717710	在宅療養移行加算４（在医総管・施医総管（在支診等以外））	1	116.00
C00200	114723810	在宅医療情報連携加算（在医総管・施医総管）	1	100.00
C00202	114039370	在宅緩和ケア充実診療所・病院加算（施医総管）（１人）	1	300.00
C00202	114039470	在宅緩和ケア充実診療所・病院加算（施医総管）（２～９人）	1	150.00
C00202	114039670	在宅療養実績加算１（施医総管）（１人）	1	225.00
C00202	114039770	在宅療養実績加算１（施医総管）（２～９人）	1	110.00
C00202	114039970	在宅療養実績加算２（施医総管）（１人）	1	150.00
C00202	114040070	在宅療養実績加算２（施医総管）（２～９人）	1	75.00
C00202	114733110	在宅緩和ケア充実診療所・病院加算（施医総管）（１０人～１９人）	1	75.00
C00202	114733210	在宅緩和ケア充実診療所・病院加算（施医総管）（２０人～４９人）	1	63.00
C00202	114733310	在宅緩和ケア充実診療所・病院加算（施医総管）（５０人～）	1	56.00
C00202	114733610	在宅療養実績加算１（施医総管）（１０人～１９人）	1	56.00
C00202	114733710	在宅療養実績加算１（施医総管）（２０人～４９人）	1	47.00
C00202	114733810	在宅療養実績加算１（施医総管）（５０人～）	1	42.00
C00202	114734110	在宅療養実績加算２（施医総管）（１０人～１９人）	1	40.00
C00202	114734210	在宅療養実績加算２（施医総管）（２０人～４９人）	1	33.00
C00202	114734310	在宅療養実績加算２（施医総管）（５０人～）	1	30.00
C00300	114019970	死亡診断加算（在がん医総）	1	200.00
C00300	114040270	在宅緩和ケア充実診療所・病院加算（在がん医総）	1	150.00
C00300	114040370	在宅療養実績加算１（在がん医総）	1	110.00
C00300	114040470	在宅療養実績加算２（在がん医総）	1	75.00
C00300	114060570	小児加算（在宅がん医療総合診療料）	1	1000.00
C00300	114060670	在宅データ提出加算（在宅がん医療総合診療料）	1	50.00
C00300	114740410	在宅医療ＤＸ情報活用加算（在宅がん医療総合診療料）	1	10.00
C00300	114740510	在宅医療情報連携加算（在宅がん医療総合診療料）	1	100.00
C00400	114009870	乳幼児加算（救急搬送診療料）	7	700.00
C00400	114016170	新生児加算（救急搬送診療料）	7	1500.00
C00400	114020070	長時間加算（救急搬送診療料）	1	700.00
C00400	114060770	重症患者搬送加算（救急搬送診療料）	1	1800.00
C00500	114009170	在宅移行管理加算（訪問看護・訪問看護（同一））	1	250.00
C00500	114010870	難病等複数回訪問加算（訪問看護）（１日２回）	1	450.00
C00500	114011370	難病等複数回訪問加算（訪問看護）（１日３回～）	1	800.00
C00500	114012870	在宅移行管理重症者加算（訪問看護・訪問看護（同一））	1	500.00
C00500	114013470	長時間訪問看護・指導加算（訪問看護・訪問看護（同一））	1	520.00
C00500	114013570	在宅患者連携指導加算（訪問看護・訪問看護（同一））	1	300.00
C00500	114013670	在宅患者緊急時等カンファレンス加算（訪問看護・訪問看護（同一））	1	200.00
C00500	114016270	乳幼児加算（訪問看護・訪問看護（同一））	7	130.00
C00500	114016470	複数名訪問看護・指導加算（訪問看護・保健師、助産師又は看護師）	1	450.00
C00500	114016570	複数名訪問看護・指導加算（訪問看護・准看護師）	1	380.00
C00500	114020270	複数名訪問看護・指導加算（訪問看護・看補・困難者等を除く）	1	300.00
C00500	114020370	夜間・早朝訪問看護加算（訪問看護・訪問看護（同一））	1	210.00
C00500	114020470	深夜訪問看護加算（訪問看護・訪問看護（同一））	1	420.00
C00500	114044070	複数名訪問看護・指導加算（訪問看護・看補・困難者等・１日１回）	1	300.00
C00500	114044170	複数名訪問看護・指導加算（訪問看護・看補・困難者等・１日２回）	1	600.00
C00500	114044270	複数名訪問看護・指導加算（訪問看護・看補・困難者等・１日３回～）	1	1000.00
C00500	114044370	在宅ターミナルケア加算（在宅、特養等・看取り介護加算等算定除く）	1	2500.00
C00500	114044470	在宅ターミナルケア加算（特養等（看取り介護加算等算定））	1	1000.00
C00500	114044570	看護・介護職員連携強化加算（訪問看護・訪問看護（同一））	1	250.00
C00500	114044670	特別地域訪問看護加算（訪問看護・訪問看護（同一））	7	50.00
C00500	114047070	訪問看護・指導体制充実加算（訪問看護・訪問看護（同一））	7	150.00
C00500	114060870	専門管理加算（専門の研修を受けた看護師）	7	250.00
C00500	114060970	専門管理加算（特定行為研修を修了した看護師）	7	250.00
C00500	114741010	緊急訪問看護加算（訪問看護・訪問看護（同一）月１４日目まで）	1	265.00
C00500	114741110	緊急訪問看護加算（訪問看護・訪問看護（同一）月１５日目以降）	1	200.00
C00500	114741270	乳幼児加算（訪問看護・訪問看護（同一））（厚労大臣が定める者）	7	180.00
C00500	114741310	訪問看護医療ＤＸ情報活用加算（訪問看護・訪問看護（同一））	1	5.00
C00500	114741410	遠隔死亡診断補助加算（看護師）（通信機・医師死亡診断補助）	1	150.00
C00501	114047170	難病等複数回訪問加算（訪問看護（同一）・イ・（１）・１～２人）	1	450.00
C00501	114047370	難病等複数回訪問加算（訪問看護（同一）・イ・（２）・３人～）	1	400.00
C00501	114047470	難病等複数回訪問加算（訪問看護（同一）・ロ・（１）・１～２人）	1	800.00
C00501	114047670	難病等複数回訪問加算（訪問看護（同一）・ロ・（２）・３人～）	1	720.00
C00501	114047770	複数名訪問看護・指導加算（訪問看護（同一）・イ・１～２人）	1	450.00
C00501	114047970	複数名訪問看護・指導加算（訪問看護（同一）・イ・３人～）	1	400.00
C00501	114048070	複数名訪問看護・指導加算（訪問看護（同一）・ロ・１～２人）	1	380.00
C00501	114048270	複数名訪問看護・指導加算（訪問看護（同一）・ロ・３人～）	1	340.00
C00501	114048370	複数名訪問看護・指導加算（訪問看護（同一）・ハ・１～２人）	1	300.00
C00501	114048570	複数名訪問看護・指導加算（訪問看護（同一）・ハ・３人～）	1	270.00
C00501	114048670	複数名訪問看護・指導加算（訪問看護（同一）・ニ（１）１～２人）	1	300.00
C00501	114048870	複数名訪問看護・指導加算（訪問看護（同一）・ニ（１）３人～）	1	270.00
C00501	114048970	複数名訪問看護・指導加算（訪問看護（同一）・ニ（２）１～２人）	1	600.00
C00501	114049170	複数名訪問看護・指導加算（訪問看護（同一）・ニ（２）３人～）	1	540.00
C00501	114049270	複数名訪問看護・指導加算（訪問看護（同一）・ニ（３）１～２人）	1	1000.00
C00501	114049470	複数名訪問看護・指導加算（訪問看護（同一）・ニ（３）３人～）	1	900.00
C00700	114008370	特別訪問看護指示加算	1	100.00
C00700	114040570	衛生材料等提供加算（訪問看護指示料）	1	80.00
C00700	114061070	手順書加算（訪問看護指示料）	1	150.00
C00800	114009070	麻薬管理指導加算（在宅患者訪問薬剤管理指導料）	7	100.00
C00800	114045070	乳幼児加算（在宅患者訪問薬剤管理指導料）	7	100.00
C10100	114028570	導入初期加算（在宅自己注射指導管理料）	1	580.00
C10100	114049870	バイオ後続品導入初期加算（在宅自己注射指導管理料）	1	150.00
C10200	114061370	遠隔モニタリング加算（在宅自己腹膜灌流指導管理料）	1	115.00
C10202	114741670	遠隔モニタリング加算（在宅血液透析指導管理料）	7	115.00
C10300	114045470	遠隔モニタリング加算（在宅酸素療法指導管理料（その他））	7	150.00
C10702	114045670	遠隔モニタリング加算（在宅持続陽圧呼吸療法指導管理料２）	7	150.00
C11002	114021570	導入期加算（在宅振戦等刺激装置治療指導管理料）	1	140.00
C11003	114021770	導入期加算（在宅迷走神経電気刺激治療指導管理料）	1	140.00
C11900	114045970	導入初期加算（在宅経肛門的自己洗腸指導管理料）	7	500.00
C12100	114051670	導入初期加算（在宅抗菌薬吸入療法指導管理料）	7	500.00
C15000	114005910	血糖自己測定器加算（２０回以上）（１型糖尿病の患者等を除く）	1	350.00
C15000	114006010	血糖自己測定器加算（４０回以上）（１型糖尿病の患者等を除く）	1	580.00
C15000	114007410	血糖自己測定器加算（６０回以上）（１型糖尿病の患者等を除く）	1	830.00
C15000	114009910	血糖自己測定器加算（２０回以上）（１型糖尿病・小児低血糖症等）	1	350.00
C15000	114010010	血糖自己測定器加算（４０回以上）（１型糖尿病・小児低血糖症等）	1	580.00
C15000	114010110	血糖自己測定器加算（６０回以上）（１型糖尿病・小児低血糖症等）	1	830.00
C15000	114010210	血糖自己測定器加算（９０回以上）（１型糖尿病・小児低血糖症等）	1	1170.00
C15000	114015610	血糖自己測定器加算（１２０回以上）（１型糖尿病・小児低血糖症等）	1	1490.00
C15000	114046010	血糖自己測定器加算（３０回以上）（１型糖尿病の患者等を除く）	1	465.00
C15000	114046110	血糖自己測定器加算（３０回以上）（１型糖尿病・小児低血糖症等）	1	465.00
C15000	114050170	乳幼児呼吸管理材料加算	1	1500.00
C15000	114050210	血糖自己測定器加算（間歇スキャン式持続血糖測定器）	1	1250.00
C15000	114062010	血中ケトン体自己測定器加算（血糖自己測定器加算）	1	40.00
C15100	114004710	注入器加算	1	300.00
C15200	114004810	間歇注入シリンジポンプ加算（１以外）	1	1500.00
C15200	114022010	間歇注入シリンジポンプ加算（プログラム付き）	1	2500.00
C15202	114028770	持続血糖測定器加算（間歇注入シリンジポンプ連動・２個以下）	1	1320.00
C15202	114028870	持続血糖測定器加算（間歇注入シリンジポンプ連動・３個又は４個）	1	2640.00
C15202	114028970	持続血糖測定器加算（間歇注入シリンジポンプ連動・５個以上）	1	3300.00
C15202	114029070	持続血糖測定器加算（プログラム付きシリンジポンプ）	7	3230.00
C15202	114029170	持続血糖測定器加算（プログラム付きシリンジポンプ以外）	7	2230.00
C15202	114046550	持続血糖測定器加算（間歇注入シリンジポンプ非連動・２個以下）	1	1320.00
C15202	114046650	持続血糖測定器加算（間歇注入シリンジポンプ非連動・３個又は４個）	1	2640.00
C15202	114046750	持続血糖測定器加算（間歇注入シリンジポンプ非連動・５個以上）	1	3300.00
C15203	114046210	経腸投薬用ポンプ加算	1	2500.00
C15204	114742310	持続皮下注入シリンジポンプ加算（月５個～１０個未満）	1	2330.00
C15204	114742410	持続皮下注入シリンジポンプ加算（月１０個～１５個未満）	1	3160.00
C15204	114742510	持続皮下注入シリンジポンプ加算（月１５個～２０個未満）	1	3990.00
C15204	114742610	持続皮下注入シリンジポンプ加算（月２０個～）	1	4820.00
C15300	114010970	注入器用注射針加算（１型糖尿病、血友病患者又はこれに準ずる患者）	1	200.00
C15300	114011070	注入器用注射針加算（その他）	1	130.00
C15400	114006510	紫外線殺菌器加算	1	360.00
C15400	114008250	在宅自己連続携行式腹膜灌流液交換用熱殺菌器加算	5	360.00
C15500	114006610	自動腹膜灌流装置加算	1	2500.00
C15600	114009510	透析液供給装置加算	1	10000.00
C15700	114006110	酸素ボンベ加算（その他）	1	3950.00
C15700	114006310	酸素ボンベ加算（携帯用酸素ボンベ）	1	880.00
C15800	114006210	酸素濃縮装置加算	1	4000.00
C15900	114004910	設置型液化酸素装置加算	1	3970.00
C15900	114005010	携帯型液化酸素装置加算	1	880.00
C15902	114015710	呼吸同調式デマンドバルブ加算	1	291.00
C16000	114005110	在宅中心静脈栄養法用輸液セット加算	1	2000.00
C16100	114006710	注入ポンプ加算	1	1250.00
C16200	114005210	在宅経管栄養法用栄養管セット加算	1	2000.00
C16300	114041010	特殊カテーテル加算（間歇導尿用カテーテル）（イ以外）	1	1000.00
C16300	114041110	特殊カテーテル加算（間歇バルーンカテーテル）	1	1000.00
C16300	114050310	特殊カテーテル加算（再利用型カテーテル）	1	400.00
C16300	114050410	特殊カテーテル加算（間歇導尿用・親水性・６０本以上９０本未満）	1	1700.00
C16300	114050510	特殊カテーテル加算（間歇導尿用・親水性・９０本以上１２０本未満）	1	1900.00
C16300	114050610	特殊カテーテル加算（間歇導尿用・親水性・１２０本以上）	1	2100.00
C16400	114005510	人工呼吸器加算（陰圧式人工呼吸器）	1	7480.00
C16400	114006810	人工呼吸器加算（陽圧式人工呼吸器）	1	7480.00
C16400	114009610	人工呼吸器加算（人工呼吸器）	1	6480.00
C16500	114041210	在宅持続陽圧呼吸療法用治療器加算（ＡＳＶを使用）	1	3750.00
C16500	114041310	在宅持続陽圧呼吸療法用治療器加算（ＣＰＡＰを使用）	1	960.00
C16600	114006910	携帯型ディスポーザブル注入ポンプ加算	1	2500.00
C16700	114007110	疼痛等管理用送信器加算	1	600.00
C16800	114010570	携帯型精密輸液ポンプ加算	1	10000.00
C16802	114041410	携帯型精密ネブライザ加算	1	3200.00
C16900	114011210	気管切開患者用人工鼻加算	1	1500.00
C17000	114017310	排痰補助装置加算	1	1829.00
C17100	114041510	在宅酸素療法材料加算（チアノーゼ型先天性心疾患）	1	780.00
C17100	114041610	在宅酸素療法材料加算（その他）	1	100.00
C17102	114041710	在宅持続陽圧呼吸療法材料加算	1	100.00
C17103	114062510	在宅ハイフローセラピー材料加算	1	100.00
C17200	114050710	在宅経肛門的自己洗腸用材料加算	1	2400.00
C17300	114046950	横隔神経電気刺激装置加算	1	600.00
C17400	114742710	在宅ハイフローセラピー装置加算（自動給水加湿チャンバー）	1	3500.00
C17400	114742810	在宅ハイフローセラピー装置加算（１以外の場合）	1	2500.00
C17500	114051750	在宅抗菌薬吸入療法用ネブライザ加算（１月目）	1	7480.00
C17500	114051850	在宅抗菌薬吸入療法用ネブライザ加算（２月目以降）	1	1800.00
D00000	160000210	時間外緊急院内検査加算	1	200.00
D00000	160177770	外来迅速検体検査加算	1	10.00
D00200	160005170	染色標本加算	7	9.00
D00500	160008470	特殊染色加算（末梢血液像（鏡検法）・オキシダーゼ染色）	7	37.00
D00500	160008570	特殊染色加算（末梢血液像（鏡検法）・ペルオキシダーゼ染色）	7	37.00
D00500	160008670	特殊染色加算（末梢血液像（鏡検法）・アルカリホスファターゼ染色）	7	37.00
D00500	160008770	特殊染色加算（末梢血液像（鏡検法）・パス染色）	7	37.00
D00500	160008870	特殊染色加算（末梢血液像（鏡検法）・鉄染色）	7	37.00
D00500	160008970	特殊染色加算（末梢血液像（鏡検法）・超生体染色）	7	37.00
D00500	160009170	特殊染色加算（末梢血液像（鏡検法）・脂肪染色）	7	37.00
D00500	160009270	特殊染色加算（末梢血液像（鏡検法）・エステラーゼ染色）	7	37.00
D00500	160010570	特殊染色加算（骨髄像・オキシダーゼ染色）	7	60.00
D00500	160010670	特殊染色加算（骨髄像・ペルオキシダーゼ染色）	7	60.00
D00500	160010770	特殊染色加算（骨髄像・アルカリホスファターゼ染色）	7	60.00
D00500	160010870	特殊染色加算（骨髄像・パス染色）	7	60.00
D00500	160010970	特殊染色加算（骨髄像・鉄染色）	7	60.00
D00500	160011070	特殊染色加算（骨髄像・超生体染色）	7	60.00
D00500	160011270	特殊染色加算（骨髄像・脂肪染色）	7	60.00
D00500	160011370	特殊染色加算（骨髄像・エステラーゼ染色）	7	60.00
D00605	160060870	分染法加算（染色体検査）	7	397.00
D00700	160161510	入院時初回加算	1	20.00
D01700	160185570	集菌塗抹法加算	7	35.00
D01800	160058970	嫌気性培養加算（細菌培養同定検査）	7	122.00
D02300	160170070	濃縮前処理加算（ＨＩＶ－１核酸定量）	7	130.00
D02300	160212870	迅速微生物核酸同定・定量検査加算	7	100.00
D02600	160170170	検体検査管理加算（１）	1	40.00
D02600	160182870	遺伝カウンセリング加算（検査）	1	1000.00
D02600	160198170	骨髄像診断加算	1	240.00
D02600	160206970	免疫電気泳動法診断加算	1	50.00
D02600	160231370	遠隔連携遺伝カウンセリング加算（検査）	1	1000.00
D20000	160155290	新生児加算（生体検査）	7	100.00
D20000	160155390	乳幼児加算（生体検査）（３歳未満）	7	70.00
D20000	160185890	幼児加算（生体検査）（３歳以上６歳未満）	7	40.00
D20600	160064770	新生児加算（心カテ）（右心）	7	10800.00
D20600	160064970	卵円孔加算（心臓カテーテル法）	7	800.00
D20600	160065070	欠損孔加算（心臓カテーテル法）	7	800.00
D20600	160065170	ブロッケンブロー加算	7	2000.00
D20600	160065270	伝導機能検査加算	7	400.00
D20600	160065370	期外刺激法加算（心臓カテーテル法）	7	800.00
D20600	160065470	冠動脈造影加算	7	1400.00
D20600	160065650	ヒス束心電図加算	7	400.00
D20600	160065750	診断ペーシング加算	7	400.00
D20600	160155470	乳幼児加算（心カテ）（右心）（３歳未満）	7	3600.00
D20600	160164970	血管内超音波検査加算	7	400.00
D20600	160185970	新生児加算（心カテ）（左心）	7	12000.00
D20600	160186070	乳幼児加算（心カテ）（左心）（３歳未満）	7	4000.00
D20600	160186170	血管内光断層撮影加算	7	400.00
D20600	160186270	冠動脈血流予備能測定検査加算	7	600.00
D20600	160198470	心腔内超音波検査加算	7	400.00
D20600	160212970	冠攣縮誘発薬物負荷試験加算	7	800.00
D20600	160225150	冠動脈血流予備能測定検査加算（循環動態解析装置）	7	7200.00
D20700	160067570	心拍出量測定加算	7	1300.00
D20800	160198510	加算平均心電図による心室遅延電位測定	1	200.00
D21100	160186470	連続呼気ガス分析加算	7	520.00
D21500	160072370	パルスドプラ法加算	7	150.00
D21500	160182970	造影剤使用加算（超音波検査）	7	180.00
D21500	160207270	微小栓子シグナル加算	7	150.00
D21500	160213170	胎児心エコー法診断加算（超音波検査・胎児心エコー法）	7	1000.00
D21600	160073170	負荷検査加算（サーモグラフィー検査）	7	100.00
D21700	160186870	大腿骨同時撮影加算（ＤＥＸＡ法）	7	90.00
D21700	160226170	大腿骨同時検査加算（ＲＥＭＳ法）	7	55.00
D23000	160075170	バルーン付肺動脈カテーテル挿入加算（観血的肺動脈圧測定）	7	1300.00
D23500	160075570	賦活検査加算（ＥＥＧ）	7	250.00
D25000	160156070	パワー・ベクトル分析加算（平衡機能検査）	7	200.00
D25000	160156170	刺激又は負荷加算（平衡機能検査）	7	120.00
D25600	160199410	広角眼底撮影加算	7	100.00
D26100	160219070	小児矯正視力検査加算	7	35.00
D26100	160223270	小児矯正視力検査加算（薬剤使用前後）	7	70.00
D26400	160083070	負荷測定加算（精密眼圧測定）	7	55.00
D29500	160148670	超音波内視鏡検査加算	9	300.00
D29500	160159270	色素内視鏡法加算	7	60.00
D29500	160203970	休日加算（内視鏡検査）	7	80.00
D29500	160204070	時間外加算（内視鏡検査）	7	40.00
D29500	160204170	深夜加算（内視鏡検査）	7	80.00
D29500	160204270	時間外特例医療機関加算（内視鏡検査）	7	40.00
D29603	160240870	時間外加算（内視鏡用テレスコープを用いた咽頭画像等解析）	7	200.00
D30200	160092970	気管支肺胞洗浄法検査同時加算	7	200.00
D30600	160148070	粘膜点墨法加算（検査）	7	60.00
D30600	160150970	食道ヨード染色法加算	7	60.00
D30600	160187670	狭帯域光強調加算（検査）	7	200.00
D30800	160093970	胆管・膵管造影法加算（検査）	7	600.00
D30800	160161170	胆管・膵管鏡加算（検査）	7	2800.00
D31000	160231670	内視鏡的留置術加算（検査）	7	260.00
D31300	160231770	バルーン内視鏡加算（検査）	7	450.00
D32500	160180570	新生児加算（肺臓カテーテル法等）	7	10800.00
D32500	160180670	乳幼児加算（肺臓カテーテル法等）	7	3600.00
D40000	160095970	乳幼児加算（血液採取）	7	35.00
D40100	160142270	乳幼児加算（検査）	7	100.00
D40402	160187970	乳幼児加算（骨髄生検）（６歳未満）	7	100.00
D40500	160180770	乳幼児加算（関節穿刺）（３歳未満）	7	100.00
D41500	160200070	ガイドシース加算	7	500.00
D41500	160200170	ＣＴ透視下気管支鏡検査加算	7	1000.00
D41500	160219570	顕微内視鏡加算	7	1500.00
D41600	160098570	乳幼児加算（臓器穿刺、組織採取）	7	2000.00
D41900	160219870	乳幼児加算（胸水・腹水採取）	7	60.00
D41900	160220070	乳幼児加算（Ｂ－Ａ）	7	35.00
D41900	160220170	乳幼児加算（前房水採取）	7	90.00
D41900	160220270	乳幼児加算（副腎静脈サンプリング）	7	1000.00
E00000	170000210	電子画像管理加算（単純撮影）	1	57.00
E00000	170016010	時間外緊急院内画像診断加算	1	110.00
E00000	170016910	電子画像管理加算（特殊撮影）	1	58.00
E00000	170017010	電子画像管理加算（造影剤使用撮影）	1	66.00
E00000	170025210	画像診断管理加算１（写真診断）	1	70.00
E00000	170025310	画像診断管理加算１（基本的エックス線診断）	1	70.00
E00000	170025410	画像診断管理加算１（核医学診断）	1	70.00
E00000	170025510	画像診断管理加算１（コンピューター断層診断）	1	70.00
E00000	170025810	遠隔画像診断管理加算１（写真診断）	1	70.00
E00000	170025910	遠隔画像診断管理加算１（基本的エックス線診断）	1	70.00
E00000	170026010	遠隔画像診断管理加算１（核医学診断）	1	70.00
E00000	170026110	遠隔画像診断管理加算１（コンピューター断層診断）	1	70.00
E00000	170026210	遠隔画像診断管理加算２（核医学診断）	1	175.00
E00000	170026310	遠隔画像診断管理加算２（コンピューター断層診断）	1	175.00
E00000	170026710	電子画像管理加算（乳房撮影）	1	54.00
E00000	170026810	電子画像管理加算（核医学診断料）	1	120.00
E00000	170028810	電子画像管理加算（コンピューター断層診断料）	1	120.00
E00000	170035910	遠隔画像診断管理加算４（核医学診断）	1	340.00
E00000	170036010	遠隔画像診断管理加算４（コンピューター断層診断）	1	340.00
E00000	170702710	遠隔画像診断管理加算３（核医学診断）	1	235.00
E00000	170702810	遠隔画像診断管理加算３（コンピューター断層診断）	1	235.00
E00100	170020570	間接撮影５０％逓減加算	7	50.00
E00200	170002270	脳脊髄腔造影剤使用撮影加算	7	148.00
E00200	170015670	胆管・膵管造影法加算（画像診断）	7	600.00
E00200	170016170	粘膜点墨法加算（画像診断）	7	60.00
E00200	170017170	新生児加算（画像診断・エックス線診断）	7	80.00
E00200	170017270	乳幼児加算（画像診断・エックス線診断）	7	50.00
E00200	170020370	胆管・膵管鏡加算（画像診断）	7	2800.00
E00200	170026470	新生児加算（心臓及び冠動脈造影（右心））	7	10800.00
E00200	170026670	乳幼児加算（心臓及び冠動脈造影（右心））	7	3600.00
E00200	170033070	新生児加算（心臓及び冠動脈造影（左心））	7	12000.00
E00200	170033170	乳幼児加算（心臓及び冠動脈造影（左心））	7	4000.00
E00200	170034170	幼児加算（画像診断・エックス線診断）	7	30.00
E00200	170034270	狭帯域光強調加算（画像診断）	7	200.00
E00200	170703170	乳房トモシンセシス加算	7	100.00
E00300	170032970	血流予備能測定検査加算（選択的血管造影）	7	400.00
E00300	170033670	血流予備能測定検査加算（イ以外）	7	400.00
E00300	170034870	頸動脈閉塞試験加算（選択的血管造影）	7	1000.00
E10000	170014970	甲状腺ラジオアイソトープ摂取率測定加算	7	100.00
E10000	170039870	新生児加算（画像診断・エックス線診断以外）	7	80.00
E10000	170039970	乳幼児加算（画像診断・エックス線診断以外）	7	50.00
E10000	170040070	幼児加算（画像診断・エックス線診断以外）	7	30.00
E10100	170020070	断層撮影負荷試験加算	7	900.00
E10102	170037070	新生児加算（ポジトロン断層等）	7	1600.00
E10102	170037170	乳幼児加算（ポジトロン断層等）	7	1000.00
E10102	170037270	幼児加算（ポジトロン断層等）	7	600.00
E10102	170037370	新生児加算（ポジトロン断層等）（施設基準不適合）	7	1280.00
E10102	170037470	乳幼児加算（ポジトロン断層等）（施設基準不適合）	7	800.00
E10102	170037570	幼児加算（ポジトロン断層等）（施設基準不適合）	7	480.00
E20000	170012070	造影剤使用加算（ＣＴ）	7	500.00
E20000	170027770	冠動脈ＣＴ撮影加算	7	600.00
E20000	170028770	外傷全身ＣＴ加算	7	800.00
E20000	170033970	大腸ＣＴ撮影加算（６４列以上マルチスライス型機器）	7	620.00
E20000	170034070	大腸ＣＴ撮影加算（１６列以上６４列未満マルチスライス型機器）	7	500.00
E20000	170037670	新生児頭部外傷撮影加算	7	85.00
E20000	170037770	乳幼児頭部外傷撮影加算	7	55.00
E20000	170037870	幼児頭部外傷撮影加算	7	35.00
E20200	170020470	造影剤使用加算（ＭＲＩ）	7	250.00
E20200	170027870	心臓ＭＲＩ撮影加算	7	400.00
E20200	170035170	乳房ＭＲＩ撮影加算	7	100.00
E20200	170036170	小児鎮静下ＭＲＩ撮影加算	7	80.00
E20200	170036270	頭部ＭＲＩ撮影加算	7	100.00
E20200	170037970	全身ＭＲＩ撮影加算	7	600.00
E20200	170040170	肝エラストグラフィ加算	7	600.00
F00000	120000110	麻薬等加算（調剤料）（入院外）	1	1.00
F10000	120001310	麻薬等加算（処方料）	1	1.00
F10000	120002170	乳幼児加算（処方料）	7	3.00
F10000	120004070	外来後発医薬品使用体制加算２	1	7.00
F10000	120004170	外来後発医薬品使用体制加算３	1	5.00
F10000	120004370	外来後発医薬品使用体制加算１	1	8.00
F10000	120004470	向精神薬調整連携加算（処方料）	1	12.00
F10000	120005610	特定疾患処方管理加算（処方料）	1	56.00
F40000	120002470	乳幼児加算（処方箋料）	7	3.00
F40000	120003570	一般名処方加算２（処方箋料）	1	8.00
F40000	120004270	一般名処方加算１（処方箋料）	1	10.00
F40000	120004570	向精神薬調整連携加算（処方箋料）	1	12.00
F40000	120005710	特定疾患処方管理加算（処方箋料）	1	56.00
G00000	130000110	生物学的製剤注射加算	1	15.00
G00000	130000210	精密持続点滴注射加算	1	80.00
G00000	130000310	麻薬注射加算	1	5.00
G00000	130013790	バイオ後続品導入初期加算（注射）	1	150.00
G00000	130013890	外来化学療法加算１（１５歳未満）	1	670.00
G00000	130013990	外来化学療法加算１（１５歳以上）	1	450.00
G00000	130014090	外来化学療法加算２（１５歳未満）	1	640.00
G00000	130014190	外来化学療法加算２（１５歳以上）	1	370.00
G00100	130003670	乳幼児加算（静脈内注射）	7	52.00
G00400	130009470	乳幼児加算（点滴注射）	7	48.00
G00400	130010570	血漿成分製剤加算（点滴注射）	1	50.00
G00500	130010670	血漿成分製剤加算（中心静脈注射）	1	50.00
G00500	130011170	乳幼児加算（中心静脈注射）	7	50.00
G00502	130009570	乳幼児加算（中心静脈注射用カテーテル挿入）	7	500.00
G00502	130011570	静脈切開法加算（中心静脈注射用カテーテル挿入）	7	2000.00
G00503	130011770	乳幼児加算（末梢留置型中心静脈注射用カテーテル挿入）	7	500.00
G00504	130011970	乳幼児加算（カフ型緊急時ブラッドアクセス用留置カテーテル挿入）	7	500.00
G00600	130013270	乳幼児加算（植込型カテーテルによる中心静脈注射）	7	50.00
G00900	130005170	乳幼児加算（脳脊髄腔注射）	7	60.00
G01600	130703070	未熟児加算（硝子体内注射）	7	600.00
H00000	180030770	早期リハビリテーション加算	7	25.00
H00000	180033870	初期加算（リハビリテーション料）	7	45.00
H00000	180066370	リハビリテーションデータ提出加算	1	50.00
H00302	180065070	運動量増加機器加算	7	150.00
H00400	180066870	摂食嚥下機能回復体制加算２	7	190.00
H00400	180072870	摂食嚥下機能回復体制加算１	7	210.00
H00600	180032970	短期集中リハビリテーション実施加算（退院日から１月以内）	7	280.00
H00600	180033070	短期集中リハビリテーション実施加算（退院日から１月超３月以内）	7	140.00
I00000	180055470	麻酔医師加算（許可を受けた医師が麻酔を行った場合）	7	900.00
I00200	180020570	通院・在宅精神療法（２０歳未満）加算	7	320.00
I00200	180035670	特定薬剤副作用評価加算（通院・在宅精神療法）	1	25.00
I00200	180047270	児童思春期精神科専門管理加算（１６歳未満）（２年以内）	7	500.00
I00200	180047370	児童思春期精神科専門管理加算（２０歳未満）	7	1200.00
I00200	180055970	措置入院後継続支援加算（通院精神療法（入院措置後退院患者））	1	275.00
I00200	180067870	児童思春期精神科専門管理加算（１６歳未満）（（１）以外）	7	300.00
I00200	180760570	療養生活継続支援加算（精神科退院時共同指導料１）	7	500.00
I00200	180760670	療養生活継続支援加算（イ以外の患者）	7	350.00
I00200	180760970	心理支援加算	1	250.00
I00200	180761070	児童思春期支援指導加算（３月以内）	1	1000.00
I00200	180761170	児童思春期支援指導加算（イ以外の場合）（２年以内）	1	450.00
I00200	180761270	児童思春期支援指導加算（イ以外の場合）（（１）以外）	1	250.00
I00200	180761570	早期診療体制充実加算（診療所）（３年以内）	7	50.00
I00200	180761670	早期診療体制充実加算（診療所）（（１）以外の場合）	7	15.00
I00202	180031570	療養生活環境整備支援加算	7	40.00
I00202	180035870	特定薬剤副作用評価加算（精神科継続外来支援・指導料）	1	25.00
I00400	180028570	心身医学療法（２０歳未満）加算	7	200.00
I00802	180033370	早期加算（精神科ショート・ケア）	7	20.00
I00802	180056570	疾患別等専門プログラム加算（精神科ショート・ケア、小規模なもの）	7	200.00
I00900	180033470	早期加算（精神科デイ・ケア）	7	50.00
I01000	180036270	早期加算（精神科ナイト・ケア）	7	50.00
I01002	180036370	早期加算（精神科デイ・ナイト・ケア）	7	50.00
I01002	180036470	疾患別等診療計画加算（精神科デイ・ナイト・ケア）	1	40.00
I01200	180038270	長時間精神科訪問看護・指導加算	7	520.00
I01200	180038370	夜間・早朝訪問看護加算（精神科訪問看護・指導料）	7	210.00
I01200	180038470	深夜訪問看護加算（精神科訪問看護・指導料）	7	420.00
I01200	180057070	看護・介護職員連携強化加算（精神科訪問看護・指導料）	7	250.00
I01200	180057170	特別地域訪問看護加算（精神科訪問看護・指導料）	7	50.00
I01200	180061270	複数名精神科訪問看護・指導加算（イ・日１回・同建物１人又２人）	7	450.00
I01200	180061470	複数名精神科訪問看護・指導加算（イ・日１回・同一建物内３人～）	7	400.00
I01200	180061570	複数名精神科訪問看護・指導加算（イ・日２回・同建物１人又２人）	7	900.00
I01200	180061770	複数名精神科訪問看護・指導加算（イ・日２回・同一建物内３人～）	7	810.00
I01200	180061870	複数名精神科訪問看護・指導加算（イ・日３回～・同建物１人又２人）	7	1450.00
I01200	180062070	複数名精神科訪問看護・指導加算（イ・日３回～・同一建物内３人～）	7	1300.00
I01200	180062170	複数名精神科訪問看護・指導加算（ロ・日１回・同建物１人又２人）	7	380.00
I01200	180062370	複数名精神科訪問看護・指導加算（ロ・日１回・同一建物内３人～）	7	340.00
I01200	180062470	複数名精神科訪問看護・指導加算（ロ・日２回・同建物１人又２人）	7	760.00
I01200	180062670	複数名精神科訪問看護・指導加算（ロ・日２回・同一建物内３人～）	7	680.00
I01200	180062770	複数名精神科訪問看護・指導加算（ロ・日３回～・同建物１人又２人）	7	1240.00
I01200	180062970	複数名精神科訪問看護・指導加算（ロ・日３回～・同一建物内３人～）	7	1120.00
I01200	180063070	複数名精神科訪問看護・指導加算（ハ・同一建物内１人又は２人）	7	300.00
I01200	180063270	複数名精神科訪問看護・指導加算（ハ・同一建物内３人～）	7	270.00
I01200	180063370	精神科複数回訪問加算（日２回・同一建物内１人又は２人）	7	450.00
I01200	180063570	精神科複数回訪問加算（日２回・同一建物内３人～）	7	400.00
I01200	180063670	精神科複数回訪問加算（日３回～・同一建物内１人又は２人）	7	800.00
I01200	180063870	精神科複数回訪問加算（日３回～・同一建物内３人～）	7	720.00
I01200	180068770	外来感染対策向上加算（精神科訪問看護・指導料）	7	6.00
I01200	180072670	連携強化加算（精神科訪問看護・指導料）	7	3.00
I01200	180072770	サーベイランス強化加算（精神科訪問看護・指導料）	7	1.00
I01200	180761970	精神科緊急訪問看護加算（月１４日目まで）	7	265.00
I01200	180762070	精神科緊急訪問看護加算（月１５日目以降）	7	200.00
I01200	180762170	発熱患者等対応加算（精神科訪問看護・指導料）	7	20.00
I01200	180762270	抗菌薬適正使用体制加算（精神科訪問看護・指導料）	7	5.00
I01200	180762370	訪問看護医療ＤＸ情報活用加算（精神科訪問看護・指導料）	7	5.00
I01202	180038770	精神科特別訪問看護指示加算	1	100.00
I01202	180048670	衛生材料等提供加算（精神科訪問看護指示料）	7	80.00
I01202	180067770	手順書加算（精神科訪問看護指示料）	7	150.00
I01500	180038970	夜間ケア加算（重度認知症患者デイ・ケア料）	1	100.00
I01500	180039670	早期加算（重度認知症患者デイ・ケア料）	7	50.00
J00000	140000190	時間外加算２（イに該当を除く）（処置）	9	40.00
J00000	140000290	休日加算２（イに該当を除く）（処置）	9	80.00
J00000	140000390	深夜加算２（イに該当を除く）（処置）	9	80.00
J00000	140000490	時間外特例医療機関加算２（イに該当を除く）（処置）	9	40.00
J00000	140031870	６歳未満乳幼児加算（処置）（１１０）	7	110.00
J00000	140049170	３歳未満乳幼児加算（処置）（１１０）	7	110.00
J00000	140049370	６歳未満乳幼児加算（処置）（８３）	7	83.00
J00000	140049470	３歳未満乳幼児加算（処置）（５５）	7	55.00
J00000	140055290	休日加算１（１０００点以上）（処置）	9	160.00
J00000	140055390	時間外加算１（１０００点以上）（処置）	9	80.00
J00000	140055490	深夜加算１（１０００点以上）（処置）	9	160.00
J00000	140055590	時間外特例医療機関加算１（１０００点以上）（処置）	9	80.00
J00000	140057170	６歳未満乳幼児加算（処置）（５５）	7	55.00
J00000	140061990	耳鼻咽喉科乳幼児処置加算	9	60.00
J00000	140062090	耳鼻咽喉科小児抗菌薬適正使用支援加算	9	80.00
J00110	140059770	静脈圧迫処置初回加算	7	150.00
J00302	140054270	初回加算（局所陰圧閉鎖処置）（入院外）（１００ｃｍ２未満）	7	1690.00
J00302	140054370	初回加算（局所陰圧閉鎖処置）（入院外）（１００ｃｍ２以上）	7	2650.00
J00302	140054470	初回加算（局所陰圧閉鎖処置）（入院外）（２００ｃｍ２以上）	7	3300.00
J03200	140060170	周術期乳幼児加算	7	100.00
J03600	140049570	新生児加算（非還納性ヘルニア徒手整復法）	7	110.00
J03800	140007910	時間外・休日加算（人工腎臓）	7	380.00
J03800	140033770	障害者等加算（人工腎臓）	7	140.00
J03800	140055970	下肢末梢動脈疾患指導管理加算	7	100.00
J03800	140058770	導入期加算１（人工腎臓）	7	200.00
J03800	140058870	導入期加算２（人工腎臓）	7	410.00
J03800	140058970	透析液水質確保加算（人工腎臓）	7	10.00
J03800	140059070	長時間加算（人工腎臓）	7	150.00
J03800	140059170	慢性維持透析濾過加算（人工腎臓）	7	50.00
J03800	140062770	導入期加算３（人工腎臓）	7	810.00
J03800	140062870	透析時運動指導等加算（人工腎臓）	7	75.00
J03802	140053670	障害者等加算（持続緩徐式血液濾過）	7	120.00
J03802	140059270	時間外・休日加算（持続緩徐式血液濾過）	7	300.00
J04200	140008770	導入期加算（腹膜灌流）	7	500.00
J04200	140054850	乳幼児加算（腹膜灌流導入期）（１４日間）	7	1100.00
J04200	140054950	乳幼児加算（腹膜灌流導入期）（１５日目以降３０日目）	7	550.00
J04303	140700670	ストーマ合併症加算	7	65.00
J04500	140063310	覚醒試験加算	7	100.00
J04500	140063410	離脱試験加算	7	60.00
J04500	140700770	腹臥位療法加算	7	900.00
J04502	140056270	一酸化窒素ガス加算（その他）	7	900.00
J05402	140040270	乳幼児加算（皮膚レーザー照射療法）	7	2200.00
J08700	140018070	顕微鏡下処置加算（前房穿刺又は注射）	7	180.00
J11804	140056870	難病患者処置加算（歩行運動処置）	7	900.00
J11804	140056970	歩行運動処置導入期加算	7	2000.00
J12000	140057070	間歇的経管栄養法加算	7	60.00
J12200	140050170	乳幼児加算（ギプス）	7	55.00
J20000	140037490	腰部固定帯加算	1	170.00
J20000	140040110	胸部固定帯加算	1	170.00
J20000	140052610	頸部固定帯加算	1	170.00
K00000	150000190	新生児加算（手術）	9	300.00
K00000	150000290	乳幼児加算（手術）（３歳未満）	9	100.00
K00000	150000490	時間外加算２（手術）	9	40.00
K00000	150000590	休日加算２（手術）	9	80.00
K00000	150000690	深夜加算２（手術）	9	80.00
K00000	150000790	時間外特例医療機関加算２（手術）	9	40.00
K00000	150001470	真皮縫合加算	7	460.00
K00000	150001570	デブリードマン加算（汚染された挫創）	7	100.00
K00000	150244470	頸部郭清術併施加算（片）	9	4000.00
K00000	150266670	頸部郭清術併施加算（両）	9	6000.00
K00000	150268890	ＨＩＶ抗体陽性患者の観血的手術加算	9	4000.00
K00000	150268970	２以上の手術の５０％併施加算	7	50.00
K00000	150297990	院内感染防止措置加算（手術）	9	1000.00
K00000	150306890	極低出生体重児加算（手術）	9	400.00
K00000	150342890	幼児加算（手術）（３歳以上６歳未満）	9	50.00
K00000	150371290	休日加算１（手術）	9	160.00
K00000	150371390	時間外加算１（手術）	9	80.00
K00000	150371490	深夜加算１（手術）	9	160.00
K00000	150371590	時間外特例医療機関加算１（手術）	9	80.00
K00000	150371690	周術期口腔機能管理後手術加算（手術）	9	200.00
K00000	150425190	周術期栄養管理実施加算	9	270.00
K00000	150444590	再製造単回使用医療機器使用加算（冠状静脈洞型）	9	514.00
K00000	150444690	再製造単回使用医療機器使用加算（房室弁輪部型）	9	932.00
K00000	150444790	再製造単回使用医療機器使用加算（心腔内超音波プローブ（標準型））	9	2090.00
K00200	150342970	深部デブリードマン加算	7	1000.00
K00200	150368370	水圧式デブリードマン加算	7	2500.00
K00200	150423370	超音波式デブリードマン加算	7	2500.00
K00700	150343070	皮膚悪性腫瘍センチネルリンパ節生検加算	7	5000.00
K01400	150007770	生体皮膚移植（提供者の療養上の費用）加算	1	0.00
K03100	150411370	処理骨再建加算（四肢・躯幹軟部悪性腫瘍手術）	7	15000.00
K04600	150425670	緊急整復固定加算（骨折観血的手術）	7	4000.00
K05300	150411470	処理骨再建加算（骨悪性腫瘍手術）	7	15000.00
K05302	150445670	フュージョンイメージング加算（骨悪性腫瘍等ラジオ波焼灼療法）	7	200.00
K05400	150372170	患者適合型変形矯正ガイド加算（骨切り術）	7	9000.00
K05400	150424370	患者適合型変形矯正ガイド・プレート使用加算（骨切り術）	7	9000.00
K05700	150370370	患者適合型変形矯正ガイド加算（変形治癒骨折矯正手術）	7	9000.00
K05700	150424470	患者適合型変形矯正ガイド・プレート使用加算（変形治癒骨折矯正術）	7	9000.00
K07902	150411570	一期的両靱帯形成加算	7	5000.00
K08000	150049170	関節挿入膜作成加算	7	880.00
K08100	150435770	緊急挿入加算（人工骨頭挿入術）	7	4000.00
K14200	150368870	多椎間又は多椎弓実施加算（前方椎体固定）	1	20855.00
K14200	150368970	多椎間又は多椎弓実施加算（後方又は後側方固定）	1	16445.00
K14200	150369070	多椎間又は多椎弓実施加算（後方椎体固定）	1	20580.00
K14200	150369170	多椎間又は多椎弓実施加算（前方後方同時固定）	1	37290.00
K14200	150369270	多椎間又は多椎弓実施加算（椎弓切除）	1	6655.00
K14200	150369370	多椎間又は多椎弓実施加算（椎弓形成）	1	12130.00
K16900	150370470	原発性悪性脳腫瘍光線力学療法加算	7	18000.00
K16900	150372470	脳腫瘍覚醒下マッピング加算	7	4500.00
K16900	150425070	術中ＭＲＩ撮影加算	7	3990.00
K17102	150438470	術中ＭＲＩ撮影加算（内視鏡下経鼻的腫瘍摘出術）	7	3990.00
K17700	150344370	ローフローバイパス術併用加算	7	16060.00
K17700	150397670	ハイフローバイパス術併用加算	7	30000.00
K17804	150446570	脳血栓回収療法連携加算	7	5000.00
K19000	150384970	脊髄刺激電極２本留置加算（脊髄刺激装置植込術）	7	8000.00
K25900	150350150	レーザー使用加算	7	5500.00
K25900	150412570	内皮移植加算	7	8000.00
K28200	150385170	水晶体嚢拡張リング使用加算（水晶体再建術）	7	1600.00
K28200	150412670	高次収差解析加算（水晶体再建術（眼内レンズ・縫着レンズ挿入））	1	150.00
K34004	150380370	自家腸骨片充填加算（内視鏡下鼻・副鼻腔手術２型）	7	3150.00
K40400	150275070	下顎完全埋伏智歯（骨性）又は下顎水平埋伏智歯加算	7	130.00
K40400	150385770	難抜歯加算	7	230.00
K42800	150267270	連続歯結紮法（三内式線副子以上）加算	7	650.00
K44300	150385870	上顎骨複数分割加算（上顎骨形成術）（単純）	7	5000.00
K44400	150279770	下顎骨形成術加算	7	3000.00
K45000	150373970	唾石摘出術内視鏡加算	7	1000.00
K47500	150447370	遺伝性乳癌卵巣癌症候群乳房切除加算	7	8780.00
K47600	150345870	乳癌センチネルリンパ節生検加算１（乳腺悪性腫瘍手術）	7	5000.00
K47600	150345970	乳癌センチネルリンパ節生検加算２（乳腺悪性腫瘍手術）	7	3000.00
K47605	150444370	乳癌センチネルリンパ節生検加算１（乳腺悪性腫瘍ラジオ波焼灼療法）	7	5000.00
K47605	150444470	乳癌センチネルリンパ節生検加算２（乳腺悪性腫瘍ラジオ波焼灼療法）	7	3000.00
K47605	150447470	フュージョンイメージング加算（乳腺悪性腫瘍ラジオ波焼灼療法）	7	200.00
K51404	150317670	両側肺移植加算（同種死体肺移植術）	7	45000.00
K51404	150414570	抗ＨＬＡ抗体検査加算（同種死体肺移植術）	7	4000.00
K51406	150336710	生体部分肺移植術（提供者の療養上の費用）加算	1	0.00
K51406	150399270	両側肺移植加算（生体部分肺移植術）	7	45000.00
K51406	150414670	抗ＨＬＡ抗体検査加算（生体部分肺移植術）	7	4000.00
K51407	150448170	フュージョンイメージング加算（肺悪性腫瘍等ラジオ波焼灼療法）	7	200.00
K52900	150328650	有茎腸管移植加算（食道悪性腫瘍手術）	7	7500.00
K52900	150386970	血行再建加算（食道悪性腫瘍手術）	7	3000.00
K52902	150387070	有茎腸管移植加算（胸腔鏡下食道悪性腫瘍手術）	7	7500.00
K52902	150442510	有茎腸管移植加算（胸腔鏡下食道悪性腫瘍手術・内視鏡支援機器）	7	7500.00
K55200	150302770	冠動脈形成術（血栓内膜摘除）併施加算	7	10000.00
K55500	150359470	心臓弁再置換術加算（弁置換術）	7	50.00
K55503	150400170	心臓弁再置換術加算（胸腔鏡下弁置換術）（１弁）	7	57750.00
K55503	150400270	心臓弁再置換術加算（胸腔鏡下弁置換術）（２弁）	7	65100.00
K55703	150375570	心臓弁再置換術加算（弁輪拡大術を伴う大動脈弁置換術）（１弁）	7	42750.00
K55703	150375670	心臓弁再置換術加算（弁輪拡大術を伴う大動脈弁置換術）（２弁）	7	50100.00
K55703	150375770	心臓弁再置換術加算（弁輪拡大術を伴う大動脈弁置換術）（３弁）	7	57255.00
K56000	150375870	心臓弁再置換術加算（大動脈瘤切除術（吻合又は移植含む））（１弁）	7	42750.00
K56000	150375970	心臓弁再置換術加算（大動脈瘤切除術（吻合又は移植含む））（２弁）	7	50100.00
K56000	150376070	心臓弁再置換術加算（大動脈瘤切除術（吻合又は移植含む））（３弁）	7	57255.00
K58100	150376470	人工血管等再置換術加算（肺動脈閉鎖症手術）	7	50.00
K58300	150376570	人工血管等再置換術加算（大血管転位症手術）	7	50.00
K58400	150376670	人工血管等再置換術加算（修正大血管転位症手術）	7	50.00
K58600	150376770	人工血管等再置換術加算（単心室症又は三尖弁閉鎖症手術）	7	50.00
K59500	150346870	三次元カラーマッピング加算	7	17000.00
K59500	150370050	磁気ナビゲーション加算	7	5000.00
K60100	150147770	補助循環加算（人工心肺）	7	4800.00
K60100	150147870	選択的冠灌流加算（人工心肺）	7	4800.00
K60100	150275870	選択的脳灌流加算（人工心肺）	7	7000.00
K60100	150347170	逆行性冠灌流加算（人工心肺）	7	4800.00
K60502	150416270	抗ＨＬＡ抗体検査加算（同種心移植術）	7	4000.00
K60504	150416370	抗ＨＬＡ抗体検査加算（同種心肺移植術）	7	4000.00
K61800	130009870	乳幼児加算（中心静脈注射用植込型カテーテル設置）（６歳未満）	7	300.00
K64503	150449670	フュージョンイメージング加算（骨盤内悪性腫瘍等ラジオ波焼灼療法）	7	200.00
K65500	150347770	有茎腸管移植加算	7	5000.00
K67400	150277070	乳頭形成加算	7	5000.00
K68500	150437770	バルーン内視鏡加算（内視鏡的胆道結石除去術）	7	3500.00
K68600	150437670	バルーン内視鏡加算（内視鏡的胆道拡張術）	7	3500.00
K68700	150437970	バルーン内視鏡加算（内視鏡的乳頭切開術）	7	3500.00
K68700	150438270	バルーン内視鏡加算（内視鏡的乳頭拡張術）	7	3500.00
K68800	150437870	バルーン内視鏡加算（内視鏡的胆道ステント留置術）	7	3500.00
K69500	150401470	局所穿刺療法併用加算	7	6000.00
K69702	150449870	フュージョンイメージング加算（肝悪性腫瘍マイクロ波凝固法）	7	200.00
K69703	150449970	フュージョンイメージング加算（肝悪性腫瘍ラジオ波焼灼療法）	7	200.00
K69705	150284910	生体部分肝移植術（提供者の療養上の費用）加算	1	0.00
K69705	150418170	抗ＨＬＡ抗体検査加算（生体部分肝移植術）	7	4000.00
K69707	150418270	抗ＨＬＡ抗体検査加算（同種死体肝移植術）	7	4000.00
K69902	150378870	内視鏡的膵石除去加算	7	5640.00
K70903	150419070	移植臓器提供加算（同種死体膵移植術）	7	55000.00
K70903	150419170	抗ＨＬＡ抗体検査加算（同種死体膵移植術）	7	4000.00
K70905	150419270	移植臓器提供加算（同種死体膵腎移植術）	7	55000.00
K70905	150419370	抗ＨＬＡ抗体検査加算（同種死体膵腎移植術）	7	4000.00
K70906	150419570	移植臓器提供加算（同種死体膵島移植術）	7	55000.00
K70906	150419670	抗ＨＬＡ抗体検査加算（同種死体膵島移植術）	7	4000.00
K71604	150401810	生体部分小腸移植術（提供者の療養上の費用）加算	1	0.00
K71604	150419870	抗ＨＬＡ抗体検査加算（生体部分小腸移植術）	7	4000.00
K71606	150419970	抗ＨＬＡ抗体検査加算（同種死体小腸移植術）	7	4000.00
K71900	150420070	人工肛門造設加算（結腸切除術）	7	2000.00
K71902	150420170	人工肛門造設加算（腹腔鏡下結腸切除術）	7	3470.00
K72100	150429570	消化管ポリポーシス加算	7	5000.00
K72100	150437170	バルーン内視鏡加算（内視鏡的大腸ポリープ・粘膜切除術）	7	450.00
K72100	150450170	病変検出支援プログラム加算（内視鏡的大腸ポリープ・粘膜切除術）	7	60.00
K72103	150437270	バルーン内視鏡加算（内視鏡的結腸異物摘出術）	7	450.00
K72104	150437370	バルーン内視鏡加算（早期悪性腫瘍大腸粘膜下層剥離術）	7	450.00
K72200	150424570	スパイラル内視鏡加算（小腸結腸内視鏡的止血術）	7	3500.00
K72200	150437470	バルーン内視鏡加算（小腸結腸内視鏡的止血術）	7	3500.00
K73502	150437570	バルーン内視鏡加算（内視鏡的小腸・結腸狭窄部拡張術）	7	3500.00
K73502	150438370	スパイラル内視鏡加算（小腸・結腸狭窄部拡張術（内視鏡））	7	3500.00
K74000	150438570	片側側方リンパ節郭清加算（直腸切除・切断術１）	7	4250.00
K74000	150438670	両側側方リンパ節郭清加算（直腸切除・切断術１）	7	6380.00
K74000	150438770	片側側方リンパ節郭清加算（直腸切除・切断術２）	7	4250.00
K74000	150438870	両側側方リンパ節郭清加算（直腸切除・切断術２）	7	6380.00
K74000	150438970	片側側方リンパ節郭清加算（直腸切除・切断術３）	7	4250.00
K74000	150439070	両側側方リンパ節郭清加算（直腸切除・切断術３）	7	6380.00
K74000	150439170	片側側方リンパ節郭清加算（直腸切除・切断術４）	7	4250.00
K74000	150439270	両側側方リンパ節郭清加算（直腸切除・切断術４）	7	6380.00
K74000	150439370	片側側方リンパ節郭清加算（直腸切除・切断術５）	7	4250.00
K74000	150439470	両側側方リンパ節郭清加算（直腸切除・切断術５）	7	6380.00
K74000	150440570	人工肛門造設加算（直腸切除・切断術）（切除術）	7	2000.00
K74000	150440670	人工肛門造設加算（直腸切除・切断術）（低位前方切除術）	7	2000.00
K74000	150440770	人工肛門造設加算（直腸切除・切断術）（超低位前方切除術）	7	2000.00
K74002	150439570	片側側方リンパ節郭清加算（腹腔鏡下直腸切除・切断術１）	7	4250.00
K74002	150439670	両側側方リンパ節郭清加算（腹腔鏡下直腸切除・切断術１）	7	6380.00
K74002	150439770	片側側方リンパ節郭清加算（腹腔鏡下直腸切除・切断術２）	7	4250.00
K74002	150439870	両側側方リンパ節郭清加算（腹腔鏡下直腸切除・切断術２）	7	6380.00
K74002	150439970	片側側方リンパ節郭清加算（腹腔鏡下直腸切除・切断術３）	7	4250.00
K74002	150440070	両側側方リンパ節郭清加算（腹腔鏡下直腸切除・切断術３）	7	6380.00
K74002	150440170	片側側方リンパ節郭清加算（腹腔鏡下直腸切除・切断術４）	7	4250.00
K74002	150440270	両側側方リンパ節郭清加算（腹腔鏡下直腸切除・切断術４）	7	6380.00
K74002	150440370	片側側方リンパ節郭清加算（腹腔鏡下直腸切除・切断術５）	7	4250.00
K74002	150440470	両側側方リンパ節郭清加算（腹腔鏡下直腸切除・切断術５）	7	6380.00
K74002	150440870	人工肛門造設加算（腹腔鏡下直腸切除・切断術）（切除術）	7	3470.00
K74002	150440970	人工肛門造設加算（腹腔鏡下直腸切除・切断術）（低位前方切除術）	7	3470.00
K74002	150441070	人工肛門造設加算（腹腔鏡下直腸切除・切断術）（超低位前方切除術）	7	3470.00
K77307	150450670	フュージョンイメージング加算（腎悪性腫瘍ラジオ波焼灼療法）	7	200.00
K78000	150196570	移植臓器提供加算（同種死体腎移植術）	7	55000.00
K78000	150420970	抗ＨＬＡ抗体検査加算（同種死体腎移植術）	7	4000.00
K78002	150196410	生体腎移植術（提供者の療養上の費用）加算	1	0.00
K78002	150421070	抗ＨＬＡ抗体検査加算（生体腎移植術）	7	4000.00
K78600	150403070	尿管形成加算（尿管膀胱吻合術）	7	9400.00
K80300	150390170	狭帯域光強調加算（手術）	7	200.00
K80902	150390270	尿管形成加算（膀胱尿管逆流手術）	7	9400.00
K85000	150451570	女子外性器悪性腫瘍センチネルリンパ節生検加算	7	3000.00
K88403	150431870	アシステッドハッチング加算	7	1000.00
K88403	150431970	高濃度ヒアルロン酸含有培養液加算	7	1000.00
K89004	150432170	採卵加算（１個）	7	2400.00
K89004	150432270	採卵加算（２個から５個まで）	7	3600.00
K89004	150432370	採卵加算（６個から９個まで）	7	5500.00
K89004	150432470	採卵加算（１０個以上）	7	7200.00
K89800	150390570	複雑加算（帝王切開術）	7	2000.00
K91600	150432970	導入時加算（体外式膜型人工肺管理料）	7	5000.00
K91700	150434070	卵子調整加算	7	1000.00
K91700	150451970	新鮮精子加算	7	1000.00
K91702	150434570	胚盤胞作成加算（１個）	7	1500.00
K91702	150434670	胚盤胞作成加算（２個から５個まで）	7	2000.00
K91702	150434770	胚盤胞作成加算（６個から９個まで）	7	2500.00
K91702	150434870	胚盤胞作成加算（１０個以上）	7	3000.00
K92000	150225110	骨髄内輸血加算（胸骨）	1	260.00
K92000	150225210	骨髄内輸血加算（その他）	1	300.00
K92000	150225310	血液型加算（ＡＢＯ式及びＲｈ式）	1	54.00
K92000	150225410	不規則抗体加算	1	197.00
K92000	150225510	血液交叉試験加算	1	30.00
K92000	150225610	間接クームス検査加算	1	47.00
K92000	150225770	乳幼児加算（輸血）（６歳未満）	7	26.00
K92000	150247110	ＨＬＡ型検査クラス１加算（Ａ、Ｂ、Ｃ）	1	1000.00
K92000	150278910	ＨＬＡ型検査クラス２加算（ＤＲ、ＤＱ、ＤＰ）	1	1400.00
K92000	150366370	血管露出術加算	1	530.00
K92000	150366470	血小板洗浄術加算	1	580.00
K92000	150404970	コンピュータクロスマッチ加算	1	30.00
K92002	150366570	輸血適正使用加算（輸血管理料１）	7	120.00
K92002	150366670	輸血適正使用加算（輸血管理料２）	7	60.00
K92002	150380070	貯血式自己血輸血管理体制加算	1	50.00
K92200	150226010	造血幹細胞移植（提供者の療養上の費用）加算	1	0.00
K92200	150226170	乳幼児加算（造血幹細胞移植）（６歳未満）	7	26.00
K92200	150367070	抗ＨＬＡ抗体検査加算（造血幹細胞移植）	7	4000.00
K92200	150405070	非血縁者間移植加算	7	10000.00
K92200	150405170	コーディネート体制充実加算	7	1500.00
K92202	150422370	乳幼児加算（ＣＡＲ発現生Ｔ細胞投与）（６歳未満）	7	26.00
K93000	150380770	脊髄誘発電位測定等加算（甲状腺又は副甲状腺の手術）	7	3130.00
K93000	150423170	脊髄誘発電位測定等加算（脳、頭蓋頸椎移行部等の手術）	7	3630.00
K93000	150423270	脊髄誘発電位測定等加算（食道の手術）	7	3630.00
K93100	150286990	超音波凝固切開装置等加算	7	3000.00
K93200	150266970	創外固定器加算	7	10000.00
K93300	150244370	イオントフォレーゼ加算	7	45.00
K93400	150279470	副鼻腔手術用内視鏡加算	7	1000.00
K93402	150366810	副鼻腔手術用骨軟部組織切除機器加算	7	1000.00
K93500	150293270	止血用加熱凝固切開装置加算	7	700.00
K93600	150339210	自動縫合器加算	7	2500.00
K93600	150422510	自動縫合器加算（左心耳閉塞用クリップ使用）	7	2500.00
K93602	150339310	自動吻合器加算	7	5500.00
K93603	150339410	微小血管自動縫合器加算	7	2500.00
K93700	150328110	心拍動下冠動脈、大動脈バイパス移植術用機器加算	7	30000.00
K93702	150390810	術中グラフト血流測定加算	1	2500.00
K93800	150255470	体外衝撃波消耗性電極加算	7	3000.00
K93900	150339010	画像等手術支援加算（ナビゲーション）	7	2000.00
K93900	150339110	画像等手術支援加算（実物大臓器立体モデル）	7	2000.00
K93900	150380170	画像等手術支援加算（患者適合型手術支援ガイド）	7	2000.00
K93902	150367110	術中血管等描出撮影加算	1	500.00
K93903	150367210	人工肛門・人工膀胱造設術前処置加算	1	450.00
K93905	150380510	胃瘻造設時嚥下機能評価加算	1	2500.00
K93906	150390910	凍結保存同種組織加算	7	81610.00
K93907	150405510	レーザー機器加算１	7	50.00
K93907	150405610	レーザー機器加算２	7	100.00
K93907	150405710	レーザー機器加算３	7	200.00
K93908	150422610	超音波切削機器加算	7	1000.00
L00000	150231590	新生児加算（麻酔）	9	200.00
L00000	150231690	乳児加算（麻酔）	9	50.00
L00000	150231790	時間外加算（麻酔）	9	40.00
L00000	150231890	休日加算（麻酔）	9	80.00
L00000	150231990	深夜加算（麻酔）	9	80.00
L00000	150232090	時間外特例医療機関加算（麻酔）	9	40.00
L00000	150265390	幼児加算（麻酔）	9	20.00
L00000	150286690	未熟児加算（麻酔）	9	200.00
L00102	150370870	幼児加算（静脈麻酔）	7	10.00
L00102	150370970	麻酔管理時間加算（静脈麻酔）	7	100.00
L00300	150255670	精密持続注入加算（硬膜外麻酔後における局所麻酔剤の持続的注入）	7	80.00
L00800	150247470	硬膜外麻酔併施加算（頸・胸部）	7	750.00
L00800	150247570	硬膜外麻酔併施加算（腰部）	7	400.00
L00800	150247670	硬膜外麻酔併施加算（仙骨部）	7	170.00
L00800	150342470	術中経食道心エコー連続監視加算（心臓手術又は冠動脈疾患・弁膜症）	7	880.00
L00800	150350670	臓器移植術加算	7	15250.00
L00800	150391070	神経ブロック併施加算（イ以外）	7	45.00
L00800	150391170	非侵襲的血行動態モニタリング加算	7	500.00
L00800	150395670	術中経食道心エコー連続監視加算（カテーテル使用経皮的心臓手術）	7	1500.00
L00800	150395770	術中脳灌流モニタリング加算	7	1000.00
L00800	150422770	神経ブロック併施加算（厚生労働大臣が定める患者）	7	450.00
L00802	150391270	体温維持迅速導入加算	7	5000.00
L00900	150333370	帝王切開術時麻酔加算	7	700.00
L00900	150371170	長時間麻酔管理加算	7	7500.00
L00900	150438070	周術期薬剤管理加算（麻酔管理料１）	7	75.00
L01000	150438170	周術期薬剤管理加算（麻酔管理料２）	7	75.00
L10500	150255770	精密持続注入加算（神経ブロックにおける麻酔剤の持続的注入）	7	80.00
M00000	180020170	放射線治療専任加算（放射線治療管理料）	7	330.00
M00000	180031870	外来放射線治療加算（放射線治療管理料）	1	100.00
M00000	180034890	小児放射線治療加算（新生児）	9	80.00
M00000	180034990	小児放射線治療加算（乳幼児）	9	50.00
M00000	180035090	小児放射線治療加算（幼児）	9	30.00
M00000	180035190	小児放射線治療加算（小児）	9	20.00
M00000	180054470	遠隔放射線治療計画加算（放射線治療管理料）	7	2000.00
M00100	180009270	術中照射療法加算	7	5000.00
M00100	180016970	体外照射用固定器具加算（体外照射）	7	1000.00
M00100	180035270	体外照射呼吸性移動対策加算	7	150.00
M00100	180043270	一回線量増加加算（全乳房照射）	7	690.00
M00100	180054670	画像誘導放射線治療加算（体表面の位置情報）	1	150.00
M00100	180054770	画像誘導放射線治療加算（骨構造の位置情報）	1	300.00
M00100	180054870	画像誘導放射線治療加算（腫瘍の位置情報）	1	450.00
M00100	180054970	一回線量増加加算（前立腺照射）	7	1400.00
M00103	180035470	定位放射線治療呼吸性移動対策加算（動体追尾法）	7	10000.00
M00103	180035570	定位放射線治療呼吸性移動対策加算（その他）	7	5000.00
M00104	180046970	粒子線治療適応判定加算	7	40000.00
M00104	180047070	粒子線治療医学管理加算	7	10000.00
M00105	180064450	ホウ素中性子捕捉療法適応判定加算	7	40000.00
M00105	180064550	ホウ素中性子捕捉療法医学管理加算	7	10000.00
M00105	180064650	体外照射用固定器具加算（ホウ素中性子捕捉療法）	7	1000.00
M00400	180018770	食道用アプリケーター加算（密封小線源治療）	7	6700.00
M00400	180018870	気管、気管支用アプリケーター加算（密封小線源治療）	7	4500.00
M00400	180027270	線源使用加算（密封小線源治療）（前立腺癌に対する永久挿入療法）	7	630.00
M00400	180047170	画像誘導密封小線源治療加算	7	1200.00
N00200	160184070	標本作製同一月実施加算	7	180.00
N00200	160184970	４種類以上抗体使用加算	7	1200.00
N00400	160190070	液状化検体細胞診加算	1	85.00
N00400	160202870	婦人科材料等液状化検体細胞診加算	1	45.00
N00504	160240970	遺伝カウンセリング加算（病理）	7	1000.00
N00600	160190270	病理診断管理加算１（組織診断）	1	120.00
N00600	160190370	病理診断管理加算１（細胞診断）	1	60.00
N00600	160190470	病理診断管理加算２（組織診断）	1	320.00
N00600	160190570	病理診断管理加算２（細胞診断）	1	160.00
N00600	160214470	悪性腫瘍病理組織標本加算	7	150.00
N00600	160214970	悪性腫瘍病理組織標本加算（他医療機関作製の組織標本）	7	150.00
